id,time,category,field,value,score
0,2025-03-15 00:00:00+00:00,Air quality,co2,3509.4166666666665,0.0
1,2025-03-15 01:00:00+00:00,Air quality,co2,2744.25,0.0
2,2025-03-15 02:00:00+00:00,Air quality,co2,1985.0833333333333,1.2430555555555642
3,2025-03-15 03:00:00+00:00,Air quality,co2,1443.5,46.375
4,2025-03-15 04:00:00+00:00,Air quality,co2,1184.25,67.97916666666667
5,2025-03-15 05:00:00+00:00,Air quality,co2,1305.0,57.916666666666664
6,2025-03-15 06:00:00+00:00,Air quality,co2,1073.909090909091,77.17424242424242
7,2025-03-15 07:00:00+00:00,Air quality,co2,1393.6666666666667,50.52777777777777
8,2025-03-15 08:00:00+00:00,Air quality,co2,1288.0833333333333,59.3263888888889
9,2025-03-15 09:00:00+00:00,Air quality,co2,1063.9166666666667,78.00694444444443
10,2025-03-15 10:00:00+00:00,Air quality,co2,496.9166666666667,100.0
11,2025-03-15 11:00:00+00:00,Air quality,co2,489.9166666666667,100.0
12,2025-03-15 12:00:00+00:00,Air quality,co2,485.25,100.0
13,2025-03-15 13:00:00+00:00,Air quality,co2,1486.0833333333333,42.82638888888889
14,2025-03-15 14:00:00+00:00,Air quality,co2,2541.1666666666665,0.0
15,2025-03-15 15:00:00+00:00,Air quality,co2,3344.75,0.0
16,2025-03-15 16:00:00+00:00,Air quality,co2,4458.5,0.0
17,2025-03-15 17:00:00+00:00,Air quality,co2,4817.0,0.0
18,2025-03-15 18:00:00+00:00,Air quality,co2,4817.0,0.0
19,2025-03-15 19:00:00+00:00,Air quality,co2,1412.5,48.958333333333336
20,2025-03-15 20:00:00+00:00,Air quality,co2,520.6666666666666,100.0
21,2025-03-15 21:00:00+00:00,Air quality,co2,2237.083333333333,0.0
22,2025-03-15 22:00:00+00:00,Air quality,co2,4338.75,0.0
23,2025-03-15 23:00:00+00:00,Air quality,co2,4817.0,0.0
24,2025-03-16 00:00:00+00:00,Air quality,co2,4720.25,0.0
25,2025-03-16 01:00:00+00:00,Air quality,co2,3577.25,0.0
26,2025-03-16 02:00:00+00:00,Air quality,co2,2720.4166666666665,0.0
27,2025-03-16 03:00:00+00:00,Air quality,co2,2140.454545454545,0.0
28,2025-03-16 04:00:00+00:00,Air quality,co2,1893.1666666666667,8.902777777777771
29,2025-03-16 05:00:00+00:00,Air quality,co2,1589.4545454545455,34.212121212121204
30,2025-03-16 06:00:00+00:00,Air quality,co2,1318.75,56.77083333333333
31,2025-03-16 07:00:00+00:00,Air quality,co2,1060.3333333333333,78.30555555555556
32,2025-03-16 08:00:00+00:00,Air quality,co2,1894.25,8.8125
33,2025-03-16 09:00:00+00:00,Air quality,co2,1933.75,5.520833333333336
34,2025-03-16 10:00:00+00:00,Air quality,co2,570.9166666666666,100.0
35,2025-03-16 11:00:00+00:00,Air quality,co2,1362.5,53.125
36,2025-03-16 12:00:00+00:00,Air quality,co2,2727.1666666666665,0.0
37,2025-03-16 13:00:00+00:00,Air quality,co2,4062.6666666666665,0.0
38,2025-03-16 14:00:00+00:00,Air quality,co2,4807.833333333333,0.0
39,2025-03-16 15:00:00+00:00,Air quality,co2,4817.0,0.0
40,2025-03-16 16:00:00+00:00,Air quality,co2,4817.0,0.0
41,2025-03-16 17:00:00+00:00,Air quality,co2,2605.5,0.0
42,2025-03-16 18:00:00+00:00,Air quality,co2,493.8333333333333,100.0
43,2025-03-16 19:00:00+00:00,Air quality,co2,620.75,100.0
44,2025-03-16 20:00:00+00:00,Air quality,co2,2265.333333333333,0.0
45,2025-03-16 21:00:00+00:00,Air quality,co2,4012.5833333333335,0.0
46,2025-03-16 22:00:00+00:00,Air quality,co2,4815.666666666667,0.0
47,2025-03-16 23:00:00+00:00,Air quality,co2,4817.0,0.0
48,2025-03-17 00:00:00+00:00,Air quality,co2,4404.833333333333,0.0
49,2025-03-17 01:00:00+00:00,Air quality,co2,3517.25,0.0
50,2025-03-17 02:00:00+00:00,Air quality,co2,2747.833333333333,0.0
51,2025-03-17 03:00:00+00:00,Air quality,co2,2124.6666666666665,0.0
52,2025-03-17 04:00:00+00:00,Air quality,co2,1766.8333333333333,19.43055555555556
53,2025-03-17 05:00:00+00:00,Air quality,co2,1902.9166666666667,8.090277777777771
54,2025-03-17 06:00:00+00:00,Air quality,co2,541.25,100.0
55,2025-03-17 07:00:00+00:00,Air quality,co2,458.9166666666667,100.0
56,2025-03-17 08:00:00+00:00,Air quality,co2,460.75,100.0
57,2025-03-17 09:00:00+00:00,Air quality,co2,444.3333333333333,100.0
58,2025-03-17 10:00:00+00:00,Air quality,co2,440.5,100.0
59,2025-03-17 11:00:00+00:00,Air quality,co2,447.6363636363636,100.0
60,2025-03-17 12:00:00+00:00,Air quality,co2,440.8333333333333,100.0
61,2025-03-17 13:00:00+00:00,Air quality,co2,437.5,100.0
62,2025-03-17 14:00:00+00:00,Air quality,co2,471.1666666666667,100.0
63,2025-03-17 15:00:00+00:00,Air quality,co2,2058.0,0.0
64,2025-03-17 16:00:00+00:00,Air quality,co2,1799.5,16.70833333333333
65,2025-03-17 17:00:00+00:00,Air quality,co2,616.5833333333334,100.0
66,2025-03-17 18:00:00+00:00,Air quality,co2,478.75,100.0
67,2025-03-17 19:00:00+00:00,Air quality,co2,455.5,100.0
68,2025-03-17 20:00:00+00:00,Air quality,co2,1600.3333333333333,33.305555555555564
69,2025-03-17 21:00:00+00:00,Air quality,co2,3494.083333333333,0.0
70,2025-03-17 22:00:00+00:00,Air quality,co2,3956.4166666666665,0.0
71,2025-03-17 23:00:00+00:00,Air quality,co2,2707.0,0.0
72,2025-03-18 00:00:00+00:00,Air quality,co2,2080.6666666666665,0.0
73,2025-03-18 01:00:00+00:00,Air quality,co2,1621.3333333333333,31.55555555555556
74,2025-03-18 02:00:00+00:00,Air quality,co2,1334.3333333333333,55.47222222222223
75,2025-03-18 03:00:00+00:00,Air quality,co2,1156.0833333333333,70.3263888888889
76,2025-03-18 04:00:00+00:00,Air quality,co2,1078.0833333333333,76.82638888888889
77,2025-03-18 05:00:00+00:00,Air quality,co2,1782.4166666666667,18.131944444444436
78,2025-03-18 06:00:00+00:00,Air quality,co2,1584.9166666666667,34.59027777777777
79,2025-03-18 07:00:00+00:00,Air quality,co2,1356.9166666666667,53.59027777777777
80,2025-03-18 08:00:00+00:00,Air quality,co2,1221.0,64.91666666666666
81,2025-03-18 09:00:00+00:00,Air quality,co2,1114.4166666666667,73.79861111111111
82,2025-03-18 10:00:00+00:00,Air quality,co2,2067.4166666666665,0.0
83,2025-03-18 11:00:00+00:00,Air quality,co2,1688.5,25.958333333333332
84,2025-03-18 12:00:00+00:00,Air quality,co2,1126.0833333333333,72.82638888888889
85,2025-03-18 13:00:00+00:00,Air quality,co2,475.8333333333333,100.0
86,2025-03-18 14:00:00+00:00,Air quality,co2,515.9166666666666,100.0
87,2025-03-18 15:00:00+00:00,Air quality,co2,1750.25,20.8125
88,2025-03-18 16:00:00+00:00,Air quality,co2,3455.0,0.0
89,2025-03-18 17:00:00+00:00,Air quality,co2,4608.666666666667,0.0
90,2025-03-18 18:00:00+00:00,Air quality,co2,4786.75,0.0
91,2025-03-18 19:00:00+00:00,Air quality,co2,1423.25,48.0625
92,2025-03-18 20:00:00+00:00,Air quality,co2,885.8333333333334,92.8472222222222
93,2025-03-18 21:00:00+00:00,Air quality,co2,3289.5,0.0
94,2025-03-18 22:00:00+00:00,Air quality,co2,4788.25,0.0
95,2025-03-18 23:00:00+00:00,Air quality,co2,4810.0,0.0
96,2025-03-19 00:00:00+00:00,Air quality,co2,4464.916666666667,0.0
97,2025-03-19 01:00:00+00:00,Air quality,co2,3270.833333333333,0.0
98,2025-03-19 02:00:00+00:00,Air quality,co2,2482.083333333333,0.0
99,2025-03-19 03:00:00+00:00,Air quality,co2,2002.8333333333333,0.0
100,2025-03-19 04:00:00+00:00,Air quality,co2,1750.75,20.770833333333332
101,2025-03-19 05:00:00+00:00,Air quality,co2,1545.1666666666667,37.90277777777777
102,2025-03-19 06:00:00+00:00,Air quality,co2,1406.3333333333333,49.47222222222223
103,2025-03-19 07:00:00+00:00,Air quality,co2,1605.3333333333333,32.8888888888889
104,2025-03-19 08:00:00+00:00,Air quality,co2,2139.5,0.0
105,2025-03-19 09:00:00+00:00,Air quality,co2,2468.4166666666665,0.0
106,2025-03-19 10:00:00+00:00,Air quality,co2,1966.9166666666667,2.756944444444436
107,2025-03-19 11:00:00+00:00,Air quality,co2,1454.2727272727273,45.47727272727273
108,2025-03-19 12:00:00+00:00,Air quality,co2,2109.4166666666665,0.0
109,2025-03-19 13:00:00+00:00,Air quality,co2,572.0833333333334,100.0
110,2025-03-19 14:00:00+00:00,Air quality,co2,664.5,100.0
111,2025-03-19 15:00:00+00:00,Air quality,co2,2293.8,0.0
112,2025-03-19 16:00:00+00:00,Air quality,co2,4167.181818181818,0.0
113,2025-03-19 17:00:00+00:00,Air quality,co2,4809.272727272727,0.0
114,2025-03-19 18:00:00+00:00,Air quality,co2,2909.9166666666665,0.0
115,2025-03-19 19:00:00+00:00,Air quality,co2,532.0833333333334,100.0
116,2025-03-19 20:00:00+00:00,Air quality,co2,614.75,100.0
117,2025-03-19 21:00:00+00:00,Air quality,co2,2236.1666666666665,0.0
118,2025-03-19 22:00:00+00:00,Air quality,co2,3573.833333333333,0.0
119,2025-03-19 23:00:00+00:00,Air quality,co2,3882.3333333333335,0.0
120,2025-03-20 00:00:00+00:00,Air quality,co2,3047.583333333333,0.0
121,2025-03-20 01:00:00+00:00,Air quality,co2,2717.083333333333,0.0
122,2025-03-20 02:00:00+00:00,Air quality,co2,2909.2727272727275,0.0
123,2025-03-20 03:00:00+00:00,Air quality,co2,2659.5,0.0
124,2025-03-20 04:00:00+00:00,Air quality,co2,2999.25,0.0
125,2025-03-20 05:00:00+00:00,Air quality,co2,2679.333333333333,0.0
126,2025-03-20 06:00:00+00:00,Air quality,co2,2377.583333333333,0.0
127,2025-03-20 07:00:00+00:00,Air quality,co2,2143.25,0.0
128,2025-03-20 08:00:00+00:00,Air quality,co2,2043.1666666666667,0.0
129,2025-03-20 09:00:00+00:00,Air quality,co2,520.8333333333334,100.0
130,2025-03-20 10:00:00+00:00,Air quality,co2,608.0,100.0
131,2025-03-20 11:00:00+00:00,Air quality,co2,819.0,98.41666666666669
132,2025-03-20 12:00:00+00:00,Air quality,co2,483.8333333333333,100.0
133,2025-03-20 13:00:00+00:00,Air quality,co2,490.5833333333333,100.0
134,2025-03-20 14:00:00+00:00,Air quality,co2,508.5833333333333,100.0
135,2025-03-20 15:00:00+00:00,Air quality,co2,1625.0833333333333,31.243055555555564
136,2025-03-20 16:00:00+00:00,Air quality,co2,2492.833333333333,0.0
137,2025-03-20 17:00:00+00:00,Air quality,co2,3188.0,0.0
138,2025-03-20 18:00:00+00:00,Air quality,co2,3163.1666666666665,0.0
139,2025-03-20 19:00:00+00:00,Air quality,co2,771.0833333333334,100.0
140,2025-03-20 20:00:00+00:00,Air quality,co2,1110.0,74.16666666666666
141,2025-03-20 21:00:00+00:00,Air quality,co2,3104.6666666666665,0.0
142,2025-03-20 22:00:00+00:00,Air quality,co2,4465.666666666667,0.0
143,2025-03-20 23:00:00+00:00,Air quality,co2,4429.583333333333,0.0
144,2025-03-21 00:00:00+00:00,Air quality,co2,4090.0833333333335,0.0
145,2025-03-21 01:00:00+00:00,Air quality,co2,3623.75,0.0
146,2025-03-21 02:00:00+00:00,Air quality,co2,3324.833333333333,0.0
147,2025-03-21 03:00:00+00:00,Air quality,co2,3141.1666666666665,0.0
148,2025-03-21 04:00:00+00:00,Air quality,co2,3009.5,0.0
149,2025-03-21 05:00:00+00:00,Air quality,co2,2862.75,0.0
150,2025-03-21 06:00:00+00:00,Air quality,co2,2770.454545454545,0.0
151,2025-03-21 07:00:00+00:00,Air quality,co2,2598.9166666666665,0.0
152,2025-03-21 08:00:00+00:00,Air quality,co2,2418.583333333333,0.0
153,2025-03-21 09:00:00+00:00,Air quality,co2,1311.5,57.375
154,2025-03-21 10:00:00+00:00,Air quality,co2,487.9166666666667,100.0
155,2025-03-21 11:00:00+00:00,Air quality,co2,462.1666666666667,100.0
156,2025-03-21 12:00:00+00:00,Air quality,co2,505.1666666666667,100.0
157,2025-03-21 13:00:00+00:00,Air quality,co2,439.5,100.0
158,2025-03-21 14:00:00+00:00,Air quality,co2,459.0833333333333,100.0
159,2025-03-21 15:00:00+00:00,Air quality,co2,873.0,93.91666666666669
160,2025-03-21 16:00:00+00:00,Air quality,co2,1091.75,75.6875
161,2025-03-21 17:00:00+00:00,Air quality,co2,1150.0833333333333,70.8263888888889
162,2025-03-21 18:00:00+00:00,Air quality,co2,1298.75,58.4375
163,2025-03-21 19:00:00+00:00,Air quality,co2,569.9090909090909,100.0
164,2025-03-21 20:00:00+00:00,Air quality,co2,1109.4166666666667,74.21527777777777
165,2025-03-21 21:00:00+00:00,Air quality,co2,3265.6666666666665,0.0
166,2025-03-21 22:00:00+00:00,Air quality,co2,4668.916666666667,0.0
167,2025-03-21 23:00:00+00:00,Air quality,co2,4768.5,0.0
168,2025-03-15 00:00:00+00:00,Air quality,humidity,64.0,30.0
169,2025-03-15 01:00:00+00:00,Air quality,humidity,63.0,35.0
170,2025-03-15 02:00:00+00:00,Air quality,humidity,61.5,42.5
171,2025-03-15 03:00:00+00:00,Air quality,humidity,60.41666666666666,47.916666666666714
172,2025-03-15 04:00:00+00:00,Air quality,humidity,58.333333333333336,58.33333333333332
173,2025-03-15 05:00:00+00:00,Air quality,humidity,58.25,58.75
174,2025-03-15 06:00:00+00:00,Air quality,humidity,56.09090909090909,69.54545454545453
175,2025-03-15 07:00:00+00:00,Air quality,humidity,64.58333333333333,27.083333333333357
176,2025-03-15 08:00:00+00:00,Air quality,humidity,65.91666666666667,20.416666666666643
177,2025-03-15 09:00:00+00:00,Air quality,humidity,59.91666666666666,50.416666666666714
178,2025-03-15 10:00:00+00:00,Air quality,humidity,44.91666666666666,100.0
179,2025-03-15 11:00:00+00:00,Air quality,humidity,36.083333333333336,100.0
180,2025-03-15 12:00:00+00:00,Air quality,humidity,34.083333333333336,100.0
181,2025-03-15 13:00:00+00:00,Air quality,humidity,42.66666666666666,100.0
182,2025-03-15 14:00:00+00:00,Air quality,humidity,45.66666666666666,100.0
183,2025-03-15 15:00:00+00:00,Air quality,humidity,47.91666666666666,100.0
184,2025-03-15 16:00:00+00:00,Air quality,humidity,50.41666666666666,97.91666666666671
185,2025-03-15 17:00:00+00:00,Air quality,humidity,52.16666666666666,89.16666666666671
186,2025-03-15 18:00:00+00:00,Air quality,humidity,53.75,81.25
187,2025-03-15 19:00:00+00:00,Air quality,humidity,40.083333333333336,100.0
188,2025-03-15 20:00:00+00:00,Air quality,humidity,40.25,100.0
189,2025-03-15 21:00:00+00:00,Air quality,humidity,51.25,93.75
190,2025-03-15 22:00:00+00:00,Air quality,humidity,60.41666666666666,47.916666666666714
191,2025-03-15 23:00:00+00:00,Air quality,humidity,59.583333333333336,52.08333333333332
192,2025-03-16 00:00:00+00:00,Air quality,humidity,56.75,66.25
193,2025-03-16 01:00:00+00:00,Air quality,humidity,53.16666666666666,84.16666666666671
194,2025-03-16 02:00:00+00:00,Air quality,humidity,52.0,90.0
195,2025-03-16 03:00:00+00:00,Air quality,humidity,51.45454545454545,92.72727272727272
196,2025-03-16 04:00:00+00:00,Air quality,humidity,52.0,90.0
197,2025-03-16 05:00:00+00:00,Air quality,humidity,51.27272727272727,93.63636363636364
198,2025-03-16 06:00:00+00:00,Air quality,humidity,50.75,96.25
199,2025-03-16 07:00:00+00:00,Air quality,humidity,49.333333333333336,100.0
200,2025-03-16 08:00:00+00:00,Air quality,humidity,58.833333333333336,55.83333333333332
201,2025-03-16 09:00:00+00:00,Air quality,humidity,59.66666666666666,51.666666666666714
202,2025-03-16 10:00:00+00:00,Air quality,humidity,48.083333333333336,100.0
203,2025-03-16 11:00:00+00:00,Air quality,humidity,49.75,100.0
204,2025-03-16 12:00:00+00:00,Air quality,humidity,52.583333333333336,87.08333333333331
205,2025-03-16 13:00:00+00:00,Air quality,humidity,54.5,77.5
206,2025-03-16 14:00:00+00:00,Air quality,humidity,57.5,62.5
207,2025-03-16 15:00:00+00:00,Air quality,humidity,59.75,51.25
208,2025-03-16 16:00:00+00:00,Air quality,humidity,60.0,50.0
209,2025-03-16 17:00:00+00:00,Air quality,humidity,53.833333333333336,80.83333333333331
210,2025-03-16 18:00:00+00:00,Air quality,humidity,50.91666666666666,95.41666666666671
211,2025-03-16 19:00:00+00:00,Air quality,humidity,51.16666666666666,94.16666666666671
212,2025-03-16 20:00:00+00:00,Air quality,humidity,55.0,75.0
213,2025-03-16 21:00:00+00:00,Air quality,humidity,58.16666666666666,59.166666666666714
214,2025-03-16 22:00:00+00:00,Air quality,humidity,62.75,36.25
215,2025-03-16 23:00:00+00:00,Air quality,humidity,62.583333333333336,37.08333333333332
216,2025-03-17 00:00:00+00:00,Air quality,humidity,60.833333333333336,45.83333333333332
217,2025-03-17 01:00:00+00:00,Air quality,humidity,59.91666666666666,50.416666666666714
218,2025-03-17 02:00:00+00:00,Air quality,humidity,58.66666666666666,56.666666666666714
219,2025-03-17 03:00:00+00:00,Air quality,humidity,57.16666666666666,64.16666666666671
220,2025-03-17 04:00:00+00:00,Air quality,humidity,57.083333333333336,64.58333333333331
221,2025-03-17 05:00:00+00:00,Air quality,humidity,59.333333333333336,53.33333333333332
222,2025-03-17 06:00:00+00:00,Air quality,humidity,49.833333333333336,100.0
223,2025-03-17 07:00:00+00:00,Air quality,humidity,50.25,98.75
224,2025-03-17 08:00:00+00:00,Air quality,humidity,51.0,95.0
225,2025-03-17 09:00:00+00:00,Air quality,humidity,51.0,95.0
226,2025-03-17 10:00:00+00:00,Air quality,humidity,51.25,93.75
227,2025-03-17 11:00:00+00:00,Air quality,humidity,51.81818181818182,90.9090909090909
228,2025-03-17 12:00:00+00:00,Air quality,humidity,54.333333333333336,78.33333333333331
229,2025-03-17 13:00:00+00:00,Air quality,humidity,56.66666666666666,66.66666666666671
230,2025-03-17 14:00:00+00:00,Air quality,humidity,55.25,73.75
231,2025-03-17 15:00:00+00:00,Air quality,humidity,56.36363636363637,68.18181818181816
232,2025-03-17 16:00:00+00:00,Air quality,humidity,55.083333333333336,74.58333333333333
233,2025-03-17 17:00:00+00:00,Air quality,humidity,53.16666666666666,84.16666666666671
234,2025-03-17 18:00:00+00:00,Air quality,humidity,53.66666666666666,81.66666666666671
235,2025-03-17 19:00:00+00:00,Air quality,humidity,53.333333333333336,83.33333333333331
236,2025-03-17 20:00:00+00:00,Air quality,humidity,59.333333333333336,53.33333333333332
237,2025-03-17 21:00:00+00:00,Air quality,humidity,64.08333333333333,29.583333333333357
238,2025-03-17 22:00:00+00:00,Air quality,humidity,61.75,41.25
239,2025-03-17 23:00:00+00:00,Air quality,humidity,59.16666666666666,54.166666666666714
240,2025-03-18 00:00:00+00:00,Air quality,humidity,58.25,58.75
241,2025-03-18 01:00:00+00:00,Air quality,humidity,57.583333333333336,62.08333333333332
242,2025-03-18 02:00:00+00:00,Air quality,humidity,57.0,65.0
243,2025-03-18 03:00:00+00:00,Air quality,humidity,56.91666666666666,65.41666666666671
244,2025-03-18 04:00:00+00:00,Air quality,humidity,57.25,63.75
245,2025-03-18 05:00:00+00:00,Air quality,humidity,61.333333333333336,43.33333333333332
246,2025-03-18 06:00:00+00:00,Air quality,humidity,61.083333333333336,44.58333333333332
247,2025-03-18 07:00:00+00:00,Air quality,humidity,60.083333333333336,49.58333333333332
248,2025-03-18 08:00:00+00:00,Air quality,humidity,60.083333333333336,49.58333333333332
249,2025-03-18 09:00:00+00:00,Air quality,humidity,60.833333333333336,45.83333333333332
250,2025-03-18 10:00:00+00:00,Air quality,humidity,65.5,22.499999999999996
251,2025-03-18 11:00:00+00:00,Air quality,humidity,66.33333333333333,18.333333333333357
252,2025-03-18 12:00:00+00:00,Air quality,humidity,64.58333333333333,27.083333333333357
253,2025-03-18 13:00:00+00:00,Air quality,humidity,60.0,50.0
254,2025-03-18 14:00:00+00:00,Air quality,humidity,63.25,33.75
255,2025-03-18 15:00:00+00:00,Air quality,humidity,67.33333333333333,13.333333333333355
256,2025-03-18 16:00:00+00:00,Air quality,humidity,66.08333333333333,19.583333333333357
257,2025-03-18 17:00:00+00:00,Air quality,humidity,65.41666666666667,22.91666666666664
258,2025-03-18 18:00:00+00:00,Air quality,humidity,64.75,26.25
259,2025-03-18 19:00:00+00:00,Air quality,humidity,60.91666666666666,45.416666666666714
260,2025-03-18 20:00:00+00:00,Air quality,humidity,64.58333333333333,27.083333333333357
261,2025-03-18 21:00:00+00:00,Air quality,humidity,69.58333333333333,2.083333333333357
262,2025-03-18 22:00:00+00:00,Air quality,humidity,71.66666666666667,0.0
263,2025-03-18 23:00:00+00:00,Air quality,humidity,70.25,0.0
264,2025-03-19 00:00:00+00:00,Air quality,humidity,68.41666666666667,7.916666666666643
265,2025-03-19 01:00:00+00:00,Air quality,humidity,68.0,10.0
266,2025-03-19 02:00:00+00:00,Air quality,humidity,68.0,10.0
267,2025-03-19 03:00:00+00:00,Air quality,humidity,68.0,10.0
268,2025-03-19 04:00:00+00:00,Air quality,humidity,68.0,10.0
269,2025-03-19 05:00:00+00:00,Air quality,humidity,68.0,10.0
270,2025-03-19 06:00:00+00:00,Air quality,humidity,68.0,10.0
271,2025-03-19 07:00:00+00:00,Air quality,humidity,69.0,5.0
272,2025-03-19 08:00:00+00:00,Air quality,humidity,72.33333333333333,0.0
273,2025-03-19 09:00:00+00:00,Air quality,humidity,74.83333333333333,0.0
274,2025-03-19 10:00:00+00:00,Air quality,humidity,74.08333333333333,0.0
275,2025-03-19 11:00:00+00:00,Air quality,humidity,72.27272727272727,0.0
276,2025-03-19 12:00:00+00:00,Air quality,humidity,70.41666666666667,0.0
277,2025-03-19 13:00:00+00:00,Air quality,humidity,68.41666666666667,7.916666666666643
278,2025-03-19 14:00:00+00:00,Air quality,humidity,69.75,1.25
279,2025-03-19 15:00:00+00:00,Air quality,humidity,70.4,0.0
280,2025-03-19 16:00:00+00:00,Air quality,humidity,69.45454545454545,2.7272727272727337
281,2025-03-19 17:00:00+00:00,Air quality,humidity,69.18181818181819,4.090909090909065
282,2025-03-19 18:00:00+00:00,Air quality,humidity,68.58333333333333,7.083333333333357
283,2025-03-19 19:00:00+00:00,Air quality,humidity,67.08333333333333,14.583333333333355
284,2025-03-19 20:00:00+00:00,Air quality,humidity,69.33333333333333,3.333333333333357
285,2025-03-19 21:00:00+00:00,Air quality,humidity,74.08333333333333,0.0
286,2025-03-19 22:00:00+00:00,Air quality,humidity,73.16666666666667,0.0
287,2025-03-19 23:00:00+00:00,Air quality,humidity,72.5,0.0
288,2025-03-20 00:00:00+00:00,Air quality,humidity,72.0,0.0
289,2025-03-20 01:00:00+00:00,Air quality,humidity,72.0,0.0
290,2025-03-20 02:00:00+00:00,Air quality,humidity,73.81818181818181,0.0
291,2025-03-20 03:00:00+00:00,Air quality,humidity,73.41666666666667,0.0
292,2025-03-20 04:00:00+00:00,Air quality,humidity,76.58333333333333,0.0
293,2025-03-20 05:00:00+00:00,Air quality,humidity,76.08333333333333,0.0
294,2025-03-20 06:00:00+00:00,Air quality,humidity,75.25,0.0
295,2025-03-20 07:00:00+00:00,Air quality,humidity,75.0,0.0
296,2025-03-20 08:00:00+00:00,Air quality,humidity,76.25,0.0
297,2025-03-20 09:00:00+00:00,Air quality,humidity,71.58333333333333,0.0
298,2025-03-20 10:00:00+00:00,Air quality,humidity,74.16666666666667,0.0
299,2025-03-20 11:00:00+00:00,Air quality,humidity,75.41666666666667,0.0
300,2025-03-20 12:00:00+00:00,Air quality,humidity,74.66666666666667,0.0
301,2025-03-20 13:00:00+00:00,Air quality,humidity,74.16666666666667,0.0
302,2025-03-20 14:00:00+00:00,Air quality,humidity,74.0,0.0
303,2025-03-20 15:00:00+00:00,Air quality,humidity,74.58333333333333,0.0
304,2025-03-20 16:00:00+00:00,Air quality,humidity,75.16666666666667,0.0
305,2025-03-20 17:00:00+00:00,Air quality,humidity,71.75,0.0
306,2025-03-20 18:00:00+00:00,Air quality,humidity,70.41666666666667,0.0
307,2025-03-20 19:00:00+00:00,Air quality,humidity,66.41666666666667,17.916666666666643
308,2025-03-20 20:00:00+00:00,Air quality,humidity,69.41666666666667,2.916666666666643
309,2025-03-20 21:00:00+00:00,Air quality,humidity,73.0,0.0
310,2025-03-20 22:00:00+00:00,Air quality,humidity,73.16666666666667,0.0
311,2025-03-20 23:00:00+00:00,Air quality,humidity,72.91666666666667,0.0
312,2025-03-21 00:00:00+00:00,Air quality,humidity,74.58333333333333,0.0
313,2025-03-21 01:00:00+00:00,Air quality,humidity,76.33333333333333,0.0
314,2025-03-21 02:00:00+00:00,Air quality,humidity,77.0,0.0
315,2025-03-21 03:00:00+00:00,Air quality,humidity,78.0,0.0
316,2025-03-21 04:00:00+00:00,Air quality,humidity,78.0,0.0
317,2025-03-21 05:00:00+00:00,Air quality,humidity,78.41666666666667,0.0
318,2025-03-21 06:00:00+00:00,Air quality,humidity,78.9090909090909,0.0
319,2025-03-21 07:00:00+00:00,Air quality,humidity,78.16666666666667,0.0
320,2025-03-21 08:00:00+00:00,Air quality,humidity,78.0,0.0
321,2025-03-21 09:00:00+00:00,Air quality,humidity,73.91666666666667,0.0
322,2025-03-21 10:00:00+00:00,Air quality,humidity,67.08333333333333,14.583333333333355
323,2025-03-21 11:00:00+00:00,Air quality,humidity,67.0,15.0
324,2025-03-21 12:00:00+00:00,Air quality,humidity,62.16666666666666,39.166666666666714
325,2025-03-21 13:00:00+00:00,Air quality,humidity,47.333333333333336,100.0
326,2025-03-21 14:00:00+00:00,Air quality,humidity,47.5,100.0
327,2025-03-21 15:00:00+00:00,Air quality,humidity,52.91666666666666,85.41666666666671
328,2025-03-21 16:00:00+00:00,Air quality,humidity,57.5,62.5
329,2025-03-21 17:00:00+00:00,Air quality,humidity,60.25,48.75
330,2025-03-21 18:00:00+00:00,Air quality,humidity,62.66666666666666,36.666666666666714
331,2025-03-21 19:00:00+00:00,Air quality,humidity,45.54545454545455,100.0
332,2025-03-21 20:00:00+00:00,Air quality,humidity,48.25,100.0
333,2025-03-21 21:00:00+00:00,Air quality,humidity,60.083333333333336,49.58333333333332
334,2025-03-21 22:00:00+00:00,Air quality,humidity,64.0,30.0
335,2025-03-21 23:00:00+00:00,Air quality,humidity,62.91666666666666,35.416666666666714
336,2025-03-15 00:00:00+00:00,Air quality,pm10,149.16666666666666,0.0
337,2025-03-15 01:00:00+00:00,Air quality,pm10,122.16666666666669,0.0
338,2025-03-15 02:00:00+00:00,Air quality,pm10,150.5,0.0
339,2025-03-15 03:00:00+00:00,Air quality,pm10,139.66666666666666,0.0
340,2025-03-15 04:00:00+00:00,Air quality,pm10,96.83333333333331,0.0
341,2025-03-15 05:00:00+00:00,Air quality,pm10,69.66666666666667,0.6666666666666572
342,2025-03-15 06:00:00+00:00,Air quality,pm10,67.0,6.0
343,2025-03-15 07:00:00+00:00,Air quality,pm10,117.66666666666669,0.0
344,2025-03-15 08:00:00+00:00,Air quality,pm10,79.83333333333333,0.0
345,2025-03-15 09:00:00+00:00,Air quality,pm10,268.8333333333333,0.0
346,2025-03-15 10:00:00+00:00,Air quality,pm10,29.666666666666668,75.55555555555556
347,2025-03-15 11:00:00+00:00,Air quality,pm10,9.333333333333334,100.0
348,2025-03-15 12:00:00+00:00,Air quality,pm10,92.5,0.0
349,2025-03-15 13:00:00+00:00,Air quality,pm10,68.66666666666667,2.666666666666657
350,2025-03-15 14:00:00+00:00,Air quality,pm10,56.833333333333336,26.33333333333333
351,2025-03-15 15:00:00+00:00,Air quality,pm10,76.33333333333333,0.0
352,2025-03-15 16:00:00+00:00,Air quality,pm10,83.0,0.0
353,2025-03-15 17:00:00+00:00,Air quality,pm10,87.66666666666667,0.0
354,2025-03-15 18:00:00+00:00,Air quality,pm10,109.0,0.0
355,2025-03-15 19:00:00+00:00,Air quality,pm10,43.333333333333336,52.77777777777777
356,2025-03-15 20:00:00+00:00,Air quality,pm10,45.5,49.0
357,2025-03-15 21:00:00+00:00,Air quality,pm10,157.5,0.0
358,2025-03-15 22:00:00+00:00,Air quality,pm10,252.16666666666663,0.0
359,2025-03-15 23:00:00+00:00,Air quality,pm10,257.1666666666667,0.0
360,2025-03-16 00:00:00+00:00,Air quality,pm10,214.5,0.0
361,2025-03-16 01:00:00+00:00,Air quality,pm10,195.66666666666663,0.0
362,2025-03-16 02:00:00+00:00,Air quality,pm10,126.16666666666669,0.0
363,2025-03-16 03:00:00+00:00,Air quality,pm10,110.66666666666669,0.0
364,2025-03-16 04:00:00+00:00,Air quality,pm10,322.3333333333333,0.0
365,2025-03-16 05:00:00+00:00,Air quality,pm10,251.8,0.0
366,2025-03-16 06:00:00+00:00,Air quality,pm10,212.66666666666663,0.0
367,2025-03-16 07:00:00+00:00,Air quality,pm10,263.1666666666667,0.0
368,2025-03-16 08:00:00+00:00,Air quality,pm10,166.0,0.0
369,2025-03-16 09:00:00+00:00,Air quality,pm10,194.16666666666663,0.0
370,2025-03-16 10:00:00+00:00,Air quality,pm10,47.5,45.0
371,2025-03-16 11:00:00+00:00,Air quality,pm10,76.33333333333333,0.0
372,2025-03-16 12:00:00+00:00,Air quality,pm10,103.5,0.0
373,2025-03-16 13:00:00+00:00,Air quality,pm10,87.66666666666667,0.0
374,2025-03-16 14:00:00+00:00,Air quality,pm10,245.3333333333333,0.0
375,2025-03-16 15:00:00+00:00,Air quality,pm10,227.16666666666663,0.0
376,2025-03-16 16:00:00+00:00,Air quality,pm10,184.66666666666663,0.0
377,2025-03-16 17:00:00+00:00,Air quality,pm10,72.33333333333333,0.0
378,2025-03-16 18:00:00+00:00,Air quality,pm10,8.666666666666666,100.0
379,2025-03-16 19:00:00+00:00,Air quality,pm10,28.0,78.33333333333333
380,2025-03-16 20:00:00+00:00,Air quality,pm10,73.66666666666667,0.0
381,2025-03-16 21:00:00+00:00,Air quality,pm10,123.16666666666669,0.0
382,2025-03-16 22:00:00+00:00,Air quality,pm10,185.66666666666663,0.0
383,2025-03-16 23:00:00+00:00,Air quality,pm10,171.66666666666666,0.0
384,2025-03-17 00:00:00+00:00,Air quality,pm10,124.0,0.0
385,2025-03-17 01:00:00+00:00,Air quality,pm10,97.83333333333331,0.0
386,2025-03-17 02:00:00+00:00,Air quality,pm10,79.66666666666667,0.0
387,2025-03-17 03:00:00+00:00,Air quality,pm10,54.16666666666666,31.66666666666669
388,2025-03-17 04:00:00+00:00,Air quality,pm10,41.16666666666666,56.38888888888891
389,2025-03-17 05:00:00+00:00,Air quality,pm10,49.5,41.0
390,2025-03-17 06:00:00+00:00,Air quality,pm10,8.333333333333334,100.0
391,2025-03-17 07:00:00+00:00,Air quality,pm10,4.333333333333333,100.0
392,2025-03-17 08:00:00+00:00,Air quality,pm10,6.666666666666667,100.0
393,2025-03-17 09:00:00+00:00,Air quality,pm10,19.5,92.5
394,2025-03-17 10:00:00+00:00,Air quality,pm10,19.83333333333333,91.94444444444446
395,2025-03-17 11:00:00+00:00,Air quality,pm10,23.5,85.83333333333333
396,2025-03-17 12:00:00+00:00,Air quality,pm10,16.666666666666668,97.2222222222222
397,2025-03-17 13:00:00+00:00,Air quality,pm10,22.166666666666668,88.05555555555556
398,2025-03-17 14:00:00+00:00,Air quality,pm10,94.66666666666669,0.0
399,2025-03-17 15:00:00+00:00,Air quality,pm10,105.0,0.0
400,2025-03-17 16:00:00+00:00,Air quality,pm10,52.16666666666666,35.666666666666686
401,2025-03-17 17:00:00+00:00,Air quality,pm10,19.666666666666668,92.2222222222222
402,2025-03-17 18:00:00+00:00,Air quality,pm10,20.166666666666668,91.38888888888889
403,2025-03-17 19:00:00+00:00,Air quality,pm10,33.166666666666664,69.72222222222223
404,2025-03-17 20:00:00+00:00,Air quality,pm10,151.33333333333334,0.0
405,2025-03-17 21:00:00+00:00,Air quality,pm10,307.8333333333333,0.0
406,2025-03-17 22:00:00+00:00,Air quality,pm10,249.16666666666663,0.0
407,2025-03-17 23:00:00+00:00,Air quality,pm10,208.3333333333333,0.0
408,2025-03-18 00:00:00+00:00,Air quality,pm10,171.66666666666666,0.0
409,2025-03-18 01:00:00+00:00,Air quality,pm10,131.66666666666666,0.0
410,2025-03-18 02:00:00+00:00,Air quality,pm10,107.0,0.0
411,2025-03-18 03:00:00+00:00,Air quality,pm10,88.5,0.0
412,2025-03-18 04:00:00+00:00,Air quality,pm10,89.66666666666667,0.0
413,2025-03-18 05:00:00+00:00,Air quality,pm10,142.83333333333334,0.0
414,2025-03-18 06:00:00+00:00,Air quality,pm10,119.5,0.0
415,2025-03-18 07:00:00+00:00,Air quality,pm10,105.33333333333331,0.0
416,2025-03-18 08:00:00+00:00,Air quality,pm10,65.66666666666667,8.666666666666657
417,2025-03-18 09:00:00+00:00,Air quality,pm10,62.5,15.0
418,2025-03-18 10:00:00+00:00,Air quality,pm10,233.0,0.0
419,2025-03-18 11:00:00+00:00,Air quality,pm10,247.3333333333333,0.0
420,2025-03-18 12:00:00+00:00,Air quality,pm10,143.5,0.0
421,2025-03-18 13:00:00+00:00,Air quality,pm10,26.83333333333333,80.27777777777779
422,2025-03-18 14:00:00+00:00,Air quality,pm10,108.33333333333331,0.0
423,2025-03-18 15:00:00+00:00,Air quality,pm10,341.1666666666667,0.0
424,2025-03-18 16:00:00+00:00,Air quality,pm10,237.8333333333333,0.0
425,2025-03-18 17:00:00+00:00,Air quality,pm10,201.3333333333333,0.0
426,2025-03-18 18:00:00+00:00,Air quality,pm10,196.66666666666663,0.0
427,2025-03-18 19:00:00+00:00,Air quality,pm10,66.33333333333333,7.333333333333343
428,2025-03-18 20:00:00+00:00,Air quality,pm10,45.0,50.0
429,2025-03-18 21:00:00+00:00,Air quality,pm10,112.66666666666669,0.0
430,2025-03-18 22:00:00+00:00,Air quality,pm10,118.83333333333331,0.0
431,2025-03-18 23:00:00+00:00,Air quality,pm10,119.0,0.0
432,2025-03-19 00:00:00+00:00,Air quality,pm10,215.3333333333333,0.0
433,2025-03-19 01:00:00+00:00,Air quality,pm10,223.66666666666663,0.0
434,2025-03-19 02:00:00+00:00,Air quality,pm10,178.0,0.0
435,2025-03-19 03:00:00+00:00,Air quality,pm10,150.0,0.0
436,2025-03-19 04:00:00+00:00,Air quality,pm10,261.4,0.0
437,2025-03-19 05:00:00+00:00,Air quality,pm10,203.3333333333333,0.0
438,2025-03-19 06:00:00+00:00,Air quality,pm10,242.3333333333333,0.0
439,2025-03-19 07:00:00+00:00,Air quality,pm10,204.16666666666663,0.0
440,2025-03-19 08:00:00+00:00,Air quality,pm10,216.66666666666663,0.0
441,2025-03-19 09:00:00+00:00,Air quality,pm10,214.8333333333333,0.0
442,2025-03-19 10:00:00+00:00,Air quality,pm10,186.8333333333333,0.0
443,2025-03-19 11:00:00+00:00,Air quality,pm10,256.8333333333333,0.0
444,2025-03-19 12:00:00+00:00,Air quality,pm10,148.8,0.0
445,2025-03-19 13:00:00+00:00,Air quality,pm10,43.833333333333336,51.94444444444444
446,2025-03-19 14:00:00+00:00,Air quality,pm10,80.16666666666667,0.0
447,2025-03-19 15:00:00+00:00,Air quality,pm10,82.0,0.0
448,2025-03-19 16:00:00+00:00,Air quality,pm10,80.0,0.0
449,2025-03-19 17:00:00+00:00,Air quality,pm10,206.5,0.0
450,2025-03-19 18:00:00+00:00,Air quality,pm10,93.5,0.0
451,2025-03-19 19:00:00+00:00,Air quality,pm10,118.66666666666669,0.0
452,2025-03-19 20:00:00+00:00,Air quality,pm10,113.33333333333331,0.0
453,2025-03-19 21:00:00+00:00,Air quality,pm10,282.0,0.0
454,2025-03-19 22:00:00+00:00,Air quality,pm10,331.6666666666667,0.0
455,2025-03-19 23:00:00+00:00,Air quality,pm10,334.8333333333333,0.0
456,2025-03-20 00:00:00+00:00,Air quality,pm10,294.8333333333333,0.0
457,2025-03-20 01:00:00+00:00,Air quality,pm10,277.8333333333333,0.0
458,2025-03-20 02:00:00+00:00,Air quality,pm10,268.8333333333333,0.0
459,2025-03-20 03:00:00+00:00,Air quality,pm10,242.66666666666663,0.0
460,2025-03-20 04:00:00+00:00,Air quality,pm10,305.3333333333333,0.0
461,2025-03-20 05:00:00+00:00,Air quality,pm10,217.66666666666663,0.0
462,2025-03-20 06:00:00+00:00,Air quality,pm10,198.8333333333333,0.0
463,2025-03-20 07:00:00+00:00,Air quality,pm10,152.33333333333334,0.0
464,2025-03-20 08:00:00+00:00,Air quality,pm10,295.8333333333333,0.0
465,2025-03-20 09:00:00+00:00,Air quality,pm10,42.16666666666666,54.72222222222224
466,2025-03-20 10:00:00+00:00,Air quality,pm10,194.5,0.0
467,2025-03-20 11:00:00+00:00,Air quality,pm10,470.3333333333333,0.0
468,2025-03-20 12:00:00+00:00,Air quality,pm10,123.16666666666669,0.0
469,2025-03-20 13:00:00+00:00,Air quality,pm10,67.0,6.0
470,2025-03-20 14:00:00+00:00,Air quality,pm10,49.833333333333336,40.33333333333333
471,2025-03-20 15:00:00+00:00,Air quality,pm10,146.0,0.0
472,2025-03-20 16:00:00+00:00,Air quality,pm10,123.33333333333331,0.0
473,2025-03-20 17:00:00+00:00,Air quality,pm10,90.16666666666669,0.0
474,2025-03-20 18:00:00+00:00,Air quality,pm10,113.33333333333331,0.0
475,2025-03-20 19:00:00+00:00,Air quality,pm10,61.16666666666666,17.666666666666686
476,2025-03-20 20:00:00+00:00,Air quality,pm10,86.5,0.0
477,2025-03-20 21:00:00+00:00,Air quality,pm10,201.5,0.0
478,2025-03-20 22:00:00+00:00,Air quality,pm10,150.0,0.0
479,2025-03-20 23:00:00+00:00,Air quality,pm10,137.66666666666666,0.0
480,2025-03-21 00:00:00+00:00,Air quality,pm10,113.5,0.0
481,2025-03-21 01:00:00+00:00,Air quality,pm10,148.16666666666666,0.0
482,2025-03-21 02:00:00+00:00,Air quality,pm10,131.16666666666666,0.0
483,2025-03-21 03:00:00+00:00,Air quality,pm10,115.83333333333331,0.0
484,2025-03-21 04:00:00+00:00,Air quality,pm10,96.5,0.0
485,2025-03-21 05:00:00+00:00,Air quality,pm10,158.66666666666666,0.0
486,2025-03-21 06:00:00+00:00,Air quality,pm10,96.83333333333331,0.0
487,2025-03-21 07:00:00+00:00,Air quality,pm10,73.33333333333333,0.0
488,2025-03-21 08:00:00+00:00,Air quality,pm10,145.83333333333334,0.0
489,2025-03-21 09:00:00+00:00,Air quality,pm10,181.16666666666663,0.0
490,2025-03-21 10:00:00+00:00,Air quality,pm10,39.5,59.166666666666664
491,2025-03-21 11:00:00+00:00,Air quality,pm10,20.33333333333333,91.11111111111111
492,2025-03-21 12:00:00+00:00,Air quality,pm10,131.66666666666666,0.0
493,2025-03-21 13:00:00+00:00,Air quality,pm10,80.0,0.0
494,2025-03-21 14:00:00+00:00,Air quality,pm10,44.333333333333336,51.11111111111111
495,2025-03-21 15:00:00+00:00,Air quality,pm10,75.16666666666667,0.0
496,2025-03-21 16:00:00+00:00,Air quality,pm10,36.16666666666666,64.72222222222223
497,2025-03-21 17:00:00+00:00,Air quality,pm10,18.0,95.0
498,2025-03-21 18:00:00+00:00,Air quality,pm10,12.833333333333334,100.0
499,2025-03-21 19:00:00+00:00,Air quality,pm10,12.0,100.0
500,2025-03-21 20:00:00+00:00,Air quality,pm10,27.33333333333333,79.44444444444446
501,2025-03-21 21:00:00+00:00,Air quality,pm10,86.33333333333333,0.0
502,2025-03-21 22:00:00+00:00,Air quality,pm10,127.83333333333331,0.0
503,2025-03-21 23:00:00+00:00,Air quality,pm10,142.16666666666666,0.0
504,2025-03-15 00:00:00+00:00,Air quality,pm25,138.83333333333334,0.0
505,2025-03-15 01:00:00+00:00,Air quality,pm25,108.0,0.0
506,2025-03-15 02:00:00+00:00,Air quality,pm25,131.66666666666666,0.0
507,2025-03-15 03:00:00+00:00,Air quality,pm25,114.16666666666669,0.0
508,2025-03-15 04:00:00+00:00,Air quality,pm25,80.5,0.0
509,2025-03-15 05:00:00+00:00,Air quality,pm25,55.5,0.0
510,2025-03-15 06:00:00+00:00,Air quality,pm25,46.5,0.0
511,2025-03-15 07:00:00+00:00,Air quality,pm25,100.5,0.0
512,2025-03-15 08:00:00+00:00,Air quality,pm25,71.83333333333333,0.0
513,2025-03-15 09:00:00+00:00,Air quality,pm25,188.8333333333333,0.0
514,2025-03-15 10:00:00+00:00,Air quality,pm25,23.166666666666668,29.583333333333332
515,2025-03-15 11:00:00+00:00,Air quality,pm25,6.666666666666667,91.66666666666669
516,2025-03-15 12:00:00+00:00,Air quality,pm25,77.66666666666667,0.0
517,2025-03-15 13:00:00+00:00,Air quality,pm25,60.5,0.0
518,2025-03-15 14:00:00+00:00,Air quality,pm25,47.5,0.0
519,2025-03-15 15:00:00+00:00,Air quality,pm25,57.66666666666666,0.0
520,2025-03-15 16:00:00+00:00,Air quality,pm25,75.83333333333333,0.0
521,2025-03-15 17:00:00+00:00,Air quality,pm25,83.33333333333333,0.0
522,2025-03-15 18:00:00+00:00,Air quality,pm25,106.83333333333331,0.0
523,2025-03-15 19:00:00+00:00,Air quality,pm25,32.333333333333336,6.666666666666657
524,2025-03-15 20:00:00+00:00,Air quality,pm25,34.666666666666664,0.8333333333333428
525,2025-03-15 21:00:00+00:00,Air quality,pm25,128.83333333333334,0.0
526,2025-03-15 22:00:00+00:00,Air quality,pm25,206.66666666666663,0.0
527,2025-03-15 23:00:00+00:00,Air quality,pm25,198.66666666666663,0.0
528,2025-03-16 00:00:00+00:00,Air quality,pm25,186.0,0.0
529,2025-03-16 01:00:00+00:00,Air quality,pm25,147.33333333333334,0.0
530,2025-03-16 02:00:00+00:00,Air quality,pm25,110.5,0.0
531,2025-03-16 03:00:00+00:00,Air quality,pm25,88.16666666666667,0.0
532,2025-03-16 04:00:00+00:00,Air quality,pm25,222.5,0.0
533,2025-03-16 05:00:00+00:00,Air quality,pm25,174.6,0.0
534,2025-03-16 06:00:00+00:00,Air quality,pm25,154.66666666666666,0.0
535,2025-03-16 07:00:00+00:00,Air quality,pm25,191.8333333333333,0.0
536,2025-03-16 08:00:00+00:00,Air quality,pm25,132.66666666666666,0.0
537,2025-03-16 09:00:00+00:00,Air quality,pm25,128.33333333333334,0.0
538,2025-03-16 10:00:00+00:00,Air quality,pm25,31.83333333333333,7.9166666666666785
539,2025-03-16 11:00:00+00:00,Air quality,pm25,46.333333333333336,0.0
540,2025-03-16 12:00:00+00:00,Air quality,pm25,90.83333333333331,0.0
541,2025-03-16 13:00:00+00:00,Air quality,pm25,79.33333333333333,0.0
542,2025-03-16 14:00:00+00:00,Air quality,pm25,184.0,0.0
543,2025-03-16 15:00:00+00:00,Air quality,pm25,178.5,0.0
544,2025-03-16 16:00:00+00:00,Air quality,pm25,158.66666666666666,0.0
545,2025-03-16 17:00:00+00:00,Air quality,pm25,63.833333333333336,0.0
546,2025-03-16 18:00:00+00:00,Air quality,pm25,7.333333333333333,88.33333333333333
547,2025-03-16 19:00:00+00:00,Air quality,pm25,22.0,32.5
548,2025-03-16 20:00:00+00:00,Air quality,pm25,71.33333333333333,0.0
549,2025-03-16 21:00:00+00:00,Air quality,pm25,107.83333333333331,0.0
550,2025-03-16 22:00:00+00:00,Air quality,pm25,143.16666666666666,0.0
551,2025-03-16 23:00:00+00:00,Air quality,pm25,140.0,0.0
552,2025-03-17 00:00:00+00:00,Air quality,pm25,108.5,0.0
553,2025-03-17 01:00:00+00:00,Air quality,pm25,87.83333333333333,0.0
554,2025-03-17 02:00:00+00:00,Air quality,pm25,66.83333333333333,0.0
555,2025-03-17 03:00:00+00:00,Air quality,pm25,44.5,0.0
556,2025-03-17 04:00:00+00:00,Air quality,pm25,38.0,0.0
557,2025-03-17 05:00:00+00:00,Air quality,pm25,37.16666666666666,0.0
558,2025-03-17 06:00:00+00:00,Air quality,pm25,5.666666666666667,96.66666666666669
559,2025-03-17 07:00:00+00:00,Air quality,pm25,4.333333333333333,100.0
560,2025-03-17 08:00:00+00:00,Air quality,pm25,6.666666666666667,91.66666666666669
561,2025-03-17 09:00:00+00:00,Air quality,pm25,13.333333333333334,58.33333333333333
562,2025-03-17 10:00:00+00:00,Air quality,pm25,16.0,47.5
563,2025-03-17 11:00:00+00:00,Air quality,pm25,15.666666666666666,48.333333333333336
564,2025-03-17 12:00:00+00:00,Air quality,pm25,14.333333333333334,53.333333333333336
565,2025-03-17 13:00:00+00:00,Air quality,pm25,15.833333333333334,47.916666666666664
566,2025-03-17 14:00:00+00:00,Air quality,pm25,76.66666666666667,0.0
567,2025-03-17 15:00:00+00:00,Air quality,pm25,91.33333333333331,0.0
568,2025-03-17 16:00:00+00:00,Air quality,pm25,47.333333333333336,0.0
569,2025-03-17 17:00:00+00:00,Air quality,pm25,17.0,45.0
570,2025-03-17 18:00:00+00:00,Air quality,pm25,15.166666666666666,49.583333333333336
571,2025-03-17 19:00:00+00:00,Air quality,pm25,27.33333333333333,19.166666666666675
572,2025-03-17 20:00:00+00:00,Air quality,pm25,107.83333333333331,0.0
573,2025-03-17 21:00:00+00:00,Air quality,pm25,236.5,0.0
574,2025-03-17 22:00:00+00:00,Air quality,pm25,213.8333333333333,0.0
575,2025-03-17 23:00:00+00:00,Air quality,pm25,179.5,0.0
576,2025-03-18 00:00:00+00:00,Air quality,pm25,148.16666666666666,0.0
577,2025-03-18 01:00:00+00:00,Air quality,pm25,116.16666666666669,0.0
578,2025-03-18 02:00:00+00:00,Air quality,pm25,93.33333333333331,0.0
579,2025-03-18 03:00:00+00:00,Air quality,pm25,75.0,0.0
580,2025-03-18 04:00:00+00:00,Air quality,pm25,78.33333333333333,0.0
581,2025-03-18 05:00:00+00:00,Air quality,pm25,112.33333333333331,0.0
582,2025-03-18 06:00:00+00:00,Air quality,pm25,93.5,0.0
583,2025-03-18 07:00:00+00:00,Air quality,pm25,76.83333333333333,0.0
584,2025-03-18 08:00:00+00:00,Air quality,pm25,58.0,0.0
585,2025-03-18 09:00:00+00:00,Air quality,pm25,51.0,0.0
586,2025-03-18 10:00:00+00:00,Air quality,pm25,181.16666666666663,0.0
587,2025-03-18 11:00:00+00:00,Air quality,pm25,169.66666666666666,0.0
588,2025-03-18 12:00:00+00:00,Air quality,pm25,110.0,0.0
589,2025-03-18 13:00:00+00:00,Air quality,pm25,26.0,22.499999999999996
590,2025-03-18 14:00:00+00:00,Air quality,pm25,85.16666666666667,0.0
591,2025-03-18 15:00:00+00:00,Air quality,pm25,223.3333333333333,0.0
592,2025-03-18 16:00:00+00:00,Air quality,pm25,185.5,0.0
593,2025-03-18 17:00:00+00:00,Air quality,pm25,168.33333333333334,0.0
594,2025-03-18 18:00:00+00:00,Air quality,pm25,168.0,0.0
595,2025-03-18 19:00:00+00:00,Air quality,pm25,52.833333333333336,0.0
596,2025-03-18 20:00:00+00:00,Air quality,pm25,34.0,2.5
597,2025-03-18 21:00:00+00:00,Air quality,pm25,85.33333333333333,0.0
598,2025-03-18 22:00:00+00:00,Air quality,pm25,103.16666666666669,0.0
599,2025-03-18 23:00:00+00:00,Air quality,pm25,112.83333333333331,0.0
600,2025-03-19 00:00:00+00:00,Air quality,pm25,182.16666666666663,0.0
601,2025-03-19 01:00:00+00:00,Air quality,pm25,190.66666666666663,0.0
602,2025-03-19 02:00:00+00:00,Air quality,pm25,155.16666666666666,0.0
603,2025-03-19 03:00:00+00:00,Air quality,pm25,125.33333333333331,0.0
604,2025-03-19 04:00:00+00:00,Air quality,pm25,189.5,0.0
605,2025-03-19 05:00:00+00:00,Air quality,pm25,160.5,0.0
606,2025-03-19 06:00:00+00:00,Air quality,pm25,193.0,0.0
607,2025-03-19 07:00:00+00:00,Air quality,pm25,164.16666666666666,0.0
608,2025-03-19 08:00:00+00:00,Air quality,pm25,160.5,0.0
609,2025-03-19 09:00:00+00:00,Air quality,pm25,141.33333333333334,0.0
610,2025-03-19 10:00:00+00:00,Air quality,pm25,126.83333333333331,0.0
611,2025-03-19 11:00:00+00:00,Air quality,pm25,188.3333333333333,0.0
612,2025-03-19 12:00:00+00:00,Air quality,pm25,127.0,0.0
613,2025-03-19 13:00:00+00:00,Air quality,pm25,39.0,0.0
614,2025-03-19 14:00:00+00:00,Air quality,pm25,65.0,0.0
615,2025-03-19 15:00:00+00:00,Air quality,pm25,67.6,0.0
616,2025-03-19 16:00:00+00:00,Air quality,pm25,76.83333333333333,0.0
617,2025-03-19 17:00:00+00:00,Air quality,pm25,154.83333333333334,0.0
618,2025-03-19 18:00:00+00:00,Air quality,pm25,79.5,0.0
619,2025-03-19 19:00:00+00:00,Air quality,pm25,87.16666666666667,0.0
620,2025-03-19 20:00:00+00:00,Air quality,pm25,92.16666666666669,0.0
621,2025-03-19 21:00:00+00:00,Air quality,pm25,233.5,0.0
622,2025-03-19 22:00:00+00:00,Air quality,pm25,275.1666666666667,0.0
623,2025-03-19 23:00:00+00:00,Air quality,pm25,289.6666666666667,0.0
624,2025-03-20 00:00:00+00:00,Air quality,pm25,256.8333333333333,0.0
625,2025-03-20 01:00:00+00:00,Air quality,pm25,244.16666666666663,0.0
626,2025-03-20 02:00:00+00:00,Air quality,pm25,231.66666666666663,0.0
627,2025-03-20 03:00:00+00:00,Air quality,pm25,213.16666666666663,0.0
628,2025-03-20 04:00:00+00:00,Air quality,pm25,234.3333333333333,0.0
629,2025-03-20 05:00:00+00:00,Air quality,pm25,186.8333333333333,0.0
630,2025-03-20 06:00:00+00:00,Air quality,pm25,166.5,0.0
631,2025-03-20 07:00:00+00:00,Air quality,pm25,141.33333333333334,0.0
632,2025-03-20 08:00:00+00:00,Air quality,pm25,204.66666666666663,0.0
633,2025-03-20 09:00:00+00:00,Air quality,pm25,27.666666666666668,18.33333333333333
634,2025-03-20 10:00:00+00:00,Air quality,pm25,130.5,0.0
635,2025-03-20 11:00:00+00:00,Air quality,pm25,281.1666666666667,0.0
636,2025-03-20 12:00:00+00:00,Air quality,pm25,82.33333333333333,0.0
637,2025-03-20 13:00:00+00:00,Air quality,pm25,46.833333333333336,0.0
638,2025-03-20 14:00:00+00:00,Air quality,pm25,28.5,16.25
639,2025-03-20 15:00:00+00:00,Air quality,pm25,108.16666666666669,0.0
640,2025-03-20 16:00:00+00:00,Air quality,pm25,89.0,0.0
641,2025-03-20 17:00:00+00:00,Air quality,pm25,69.33333333333333,0.0
642,2025-03-20 18:00:00+00:00,Air quality,pm25,76.0,0.0
643,2025-03-20 19:00:00+00:00,Air quality,pm25,27.666666666666668,18.33333333333333
644,2025-03-20 20:00:00+00:00,Air quality,pm25,54.333333333333336,0.0
645,2025-03-20 21:00:00+00:00,Air quality,pm25,120.0,0.0
646,2025-03-20 22:00:00+00:00,Air quality,pm25,111.33333333333331,0.0
647,2025-03-20 23:00:00+00:00,Air quality,pm25,114.5,0.0
648,2025-03-21 00:00:00+00:00,Air quality,pm25,92.66666666666669,0.0
649,2025-03-21 01:00:00+00:00,Air quality,pm25,117.5,0.0
650,2025-03-21 02:00:00+00:00,Air quality,pm25,102.33333333333331,0.0
651,2025-03-21 03:00:00+00:00,Air quality,pm25,87.83333333333333,0.0
652,2025-03-21 04:00:00+00:00,Air quality,pm25,71.0,0.0
653,2025-03-21 05:00:00+00:00,Air quality,pm25,104.5,0.0
654,2025-03-21 06:00:00+00:00,Air quality,pm25,68.0,0.0
655,2025-03-21 07:00:00+00:00,Air quality,pm25,58.5,0.0
656,2025-03-21 08:00:00+00:00,Air quality,pm25,96.0,0.0
657,2025-03-21 09:00:00+00:00,Air quality,pm25,119.5,0.0
658,2025-03-21 10:00:00+00:00,Air quality,pm25,32.166666666666664,7.083333333333343
659,2025-03-21 11:00:00+00:00,Air quality,pm25,15.333333333333334,49.166666666666664
660,2025-03-21 12:00:00+00:00,Air quality,pm25,96.16666666666669,0.0
661,2025-03-21 13:00:00+00:00,Air quality,pm25,63.5,0.0
662,2025-03-21 14:00:00+00:00,Air quality,pm25,25.666666666666668,23.33333333333333
663,2025-03-21 15:00:00+00:00,Air quality,pm25,39.833333333333336,0.0
664,2025-03-21 16:00:00+00:00,Air quality,pm25,24.666666666666668,25.83333333333333
665,2025-03-21 17:00:00+00:00,Air quality,pm25,15.5,48.75
666,2025-03-21 18:00:00+00:00,Air quality,pm25,11.5,67.5
667,2025-03-21 19:00:00+00:00,Air quality,pm25,5.333333333333333,98.33333333333331
668,2025-03-21 20:00:00+00:00,Air quality,pm25,15.166666666666666,49.583333333333336
669,2025-03-21 21:00:00+00:00,Air quality,pm25,66.16666666666667,0.0
670,2025-03-21 22:00:00+00:00,Air quality,pm25,102.16666666666669,0.0
671,2025-03-21 23:00:00+00:00,Air quality,pm25,117.83333333333331,0.0
672,2025-03-15 00:00:00+00:00,Acoustic comfort,sla_night,55.16666666666666,0.0
673,2025-03-15 01:00:00+00:00,Acoustic comfort,sla_night,51.583333333333336,0.0
674,2025-03-15 02:00:00+00:00,Acoustic comfort,sla_night,52.083333333333336,0.0
675,2025-03-15 03:00:00+00:00,Acoustic comfort,sla_night,47.583333333333336,0.0
676,2025-03-15 04:00:00+00:00,Acoustic comfort,sla_night,44.16666666666666,0.0
677,2025-03-15 05:00:00+00:00,Acoustic comfort,sla_night,40.91666666666666,0.0
678,2025-03-15 06:00:00+00:00,Acoustic comfort,sla_night,40.66666666666666,0.0
679,2025-03-15 07:00:00+00:00,Acoustic comfort,sla_night,43.25,0.0
680,2025-03-15 08:00:00+00:00,Acoustic comfort,sla_day,41.5,0.0
681,2025-03-15 09:00:00+00:00,Acoustic comfort,sla_day,45.583333333333336,0.0
682,2025-03-15 10:00:00+00:00,Acoustic comfort,sla_day,64.66666666666667,0.0
683,2025-03-15 11:00:00+00:00,Acoustic comfort,sla_day,72.16666666666667,0.0
684,2025-03-15 12:00:00+00:00,Acoustic comfort,sla_day,68.91666666666667,0.0
685,2025-03-15 13:00:00+00:00,Acoustic comfort,sla_day,62.083333333333336,0.0
686,2025-03-15 14:00:00+00:00,Acoustic comfort,sla_day,66.66666666666667,0.0
687,2025-03-15 15:00:00+00:00,Acoustic comfort,sla_day,64.08333333333333,0.0
688,2025-03-15 16:00:00+00:00,Acoustic comfort,sla_day,59.833333333333336,0.0
689,2025-03-15 17:00:00+00:00,Acoustic comfort,sla_day,58.16666666666666,0.0
690,2025-03-15 18:00:00+00:00,Acoustic comfort,sla_day,60.333333333333336,0.0
691,2025-03-15 19:00:00+00:00,Acoustic comfort,sla_day,54.16666666666666,0.0
692,2025-03-15 20:00:00+00:00,Acoustic comfort,sla_day,61.25,0.0
693,2025-03-15 21:00:00+00:00,Acoustic comfort,sla_day,64.16666666666667,0.0
694,2025-03-15 22:00:00+00:00,Acoustic comfort,sla_night,60.41666666666666,0.0
695,2025-03-15 23:00:00+00:00,Acoustic comfort,sla_night,60.333333333333336,0.0
696,2025-03-16 00:00:00+00:00,Acoustic comfort,sla_night,52.66666666666666,0.0
697,2025-03-16 01:00:00+00:00,Acoustic comfort,sla_night,47.75,0.0
698,2025-03-16 02:00:00+00:00,Acoustic comfort,sla_night,47.083333333333336,0.0
699,2025-03-16 03:00:00+00:00,Acoustic comfort,sla_night,44.0,0.0
700,2025-03-16 04:00:00+00:00,Acoustic comfort,sla_night,41.75,0.0
701,2025-03-16 05:00:00+00:00,Acoustic comfort,sla_night,42.90909090909091,0.0
702,2025-03-16 06:00:00+00:00,Acoustic comfort,sla_night,41.25,0.0
703,2025-03-16 07:00:00+00:00,Acoustic comfort,sla_night,44.333333333333336,0.0
704,2025-03-16 08:00:00+00:00,Acoustic comfort,sla_day,45.0,0.0
705,2025-03-16 09:00:00+00:00,Acoustic comfort,sla_day,49.66666666666666,0.0
706,2025-03-16 10:00:00+00:00,Acoustic comfort,sla_day,50.41666666666666,0.0
707,2025-03-16 11:00:00+00:00,Acoustic comfort,sla_day,70.33333333333333,0.0
708,2025-03-16 12:00:00+00:00,Acoustic comfort,sla_day,58.0,0.0
709,2025-03-16 13:00:00+00:00,Acoustic comfort,sla_day,57.0,0.0
710,2025-03-16 14:00:00+00:00,Acoustic comfort,sla_day,63.833333333333336,0.0
711,2025-03-16 15:00:00+00:00,Acoustic comfort,sla_day,56.5,0.0
712,2025-03-16 16:00:00+00:00,Acoustic comfort,sla_day,57.0,0.0
713,2025-03-16 17:00:00+00:00,Acoustic comfort,sla_day,55.66666666666666,0.0
714,2025-03-16 18:00:00+00:00,Acoustic comfort,sla_day,59.5,0.0
715,2025-03-16 19:00:00+00:00,Acoustic comfort,sla_day,71.91666666666667,0.0
716,2025-03-16 20:00:00+00:00,Acoustic comfort,sla_day,64.16666666666667,0.0
717,2025-03-16 21:00:00+00:00,Acoustic comfort,sla_day,56.16666666666666,0.0
718,2025-03-16 22:00:00+00:00,Acoustic comfort,sla_night,61.333333333333336,0.0
719,2025-03-16 23:00:00+00:00,Acoustic comfort,sla_night,53.66666666666666,0.0
720,2025-03-17 00:00:00+00:00,Acoustic comfort,sla_night,46.25,0.0
721,2025-03-17 01:00:00+00:00,Acoustic comfort,sla_night,44.583333333333336,0.0
722,2025-03-17 02:00:00+00:00,Acoustic comfort,sla_night,45.833333333333336,0.0
723,2025-03-17 03:00:00+00:00,Acoustic comfort,sla_night,43.833333333333336,0.0
724,2025-03-17 04:00:00+00:00,Acoustic comfort,sla_night,46.583333333333336,0.0
725,2025-03-17 05:00:00+00:00,Acoustic comfort,sla_night,44.0,0.0
726,2025-03-17 06:00:00+00:00,Acoustic comfort,sla_night,40.41666666666666,0.0
727,2025-03-17 07:00:00+00:00,Acoustic comfort,sla_night,44.91666666666666,0.0
728,2025-03-17 08:00:00+00:00,Acoustic comfort,sla_day,42.75,0.0
729,2025-03-17 09:00:00+00:00,Acoustic comfort,sla_day,45.333333333333336,0.0
730,2025-03-17 10:00:00+00:00,Acoustic comfort,sla_day,49.16666666666666,0.0
731,2025-03-17 11:00:00+00:00,Acoustic comfort,sla_day,49.41666666666666,0.0
732,2025-03-17 12:00:00+00:00,Acoustic comfort,sla_day,46.5,0.0
733,2025-03-17 13:00:00+00:00,Acoustic comfort,sla_day,47.41666666666666,0.0
734,2025-03-17 14:00:00+00:00,Acoustic comfort,sla_day,53.0,0.0
735,2025-03-17 15:00:00+00:00,Acoustic comfort,sla_day,64.33333333333333,0.0
736,2025-03-17 16:00:00+00:00,Acoustic comfort,sla_day,50.5,0.0
737,2025-03-17 17:00:00+00:00,Acoustic comfort,sla_day,45.833333333333336,0.0
738,2025-03-17 18:00:00+00:00,Acoustic comfort,sla_day,48.833333333333336,0.0
739,2025-03-17 19:00:00+00:00,Acoustic comfort,sla_day,55.0,0.0
740,2025-03-17 20:00:00+00:00,Acoustic comfort,sla_day,60.5,0.0
741,2025-03-17 21:00:00+00:00,Acoustic comfort,sla_day,60.54545454545455,0.0
742,2025-03-17 22:00:00+00:00,Acoustic comfort,sla_night,50.41666666666666,0.0
743,2025-03-17 23:00:00+00:00,Acoustic comfort,sla_night,45.583333333333336,0.0
744,2025-03-18 00:00:00+00:00,Acoustic comfort,sla_night,49.66666666666666,0.0
745,2025-03-18 01:00:00+00:00,Acoustic comfort,sla_night,47.66666666666666,0.0
746,2025-03-18 02:00:00+00:00,Acoustic comfort,sla_night,47.41666666666666,0.0
747,2025-03-18 03:00:00+00:00,Acoustic comfort,sla_night,46.333333333333336,0.0
748,2025-03-18 04:00:00+00:00,Acoustic comfort,sla_night,47.0,0.0
749,2025-03-18 05:00:00+00:00,Acoustic comfort,sla_night,44.75,0.0
750,2025-03-18 06:00:00+00:00,Acoustic comfort,sla_night,41.66666666666666,0.0
751,2025-03-18 07:00:00+00:00,Acoustic comfort,sla_night,42.25,0.0
752,2025-03-18 08:00:00+00:00,Acoustic comfort,sla_day,41.583333333333336,0.0
753,2025-03-18 09:00:00+00:00,Acoustic comfort,sla_day,43.5,0.0
754,2025-03-18 10:00:00+00:00,Acoustic comfort,sla_day,46.41666666666666,0.0
755,2025-03-18 11:00:00+00:00,Acoustic comfort,sla_day,45.583333333333336,0.0
756,2025-03-18 12:00:00+00:00,Acoustic comfort,sla_day,59.5,0.0
757,2025-03-18 13:00:00+00:00,Acoustic comfort,sla_day,79.75,0.0
758,2025-03-18 14:00:00+00:00,Acoustic comfort,sla_day,81.83333333333333,0.0
759,2025-03-18 15:00:00+00:00,Acoustic comfort,sla_day,66.75,0.0
760,2025-03-18 16:00:00+00:00,Acoustic comfort,sla_day,55.083333333333336,0.0
761,2025-03-18 17:00:00+00:00,Acoustic comfort,sla_day,55.75,0.0
762,2025-03-18 18:00:00+00:00,Acoustic comfort,sla_day,62.75,0.0
763,2025-03-18 19:00:00+00:00,Acoustic comfort,sla_day,47.5,0.0
764,2025-03-18 20:00:00+00:00,Acoustic comfort,sla_day,61.333333333333336,0.0
765,2025-03-18 21:00:00+00:00,Acoustic comfort,sla_day,62.75,0.0
766,2025-03-18 22:00:00+00:00,Acoustic comfort,sla_night,65.33333333333333,0.0
767,2025-03-18 23:00:00+00:00,Acoustic comfort,sla_night,62.41666666666666,0.0
768,2025-03-19 00:00:00+00:00,Acoustic comfort,sla_night,51.91666666666666,0.0
769,2025-03-19 01:00:00+00:00,Acoustic comfort,sla_night,45.0,0.0
770,2025-03-19 02:00:00+00:00,Acoustic comfort,sla_night,44.16666666666666,0.0
771,2025-03-19 03:00:00+00:00,Acoustic comfort,sla_night,43.18181818181818,0.0
772,2025-03-19 04:00:00+00:00,Acoustic comfort,sla_night,45.333333333333336,0.0
773,2025-03-19 05:00:00+00:00,Acoustic comfort,sla_night,40.3,0.0
774,2025-03-19 06:00:00+00:00,Acoustic comfort,sla_night,41.25,0.0
775,2025-03-19 07:00:00+00:00,Acoustic comfort,sla_night,41.5,0.0
776,2025-03-19 08:00:00+00:00,Acoustic comfort,sla_day,47.833333333333336,0.0
777,2025-03-19 09:00:00+00:00,Acoustic comfort,sla_day,57.583333333333336,0.0
778,2025-03-19 10:00:00+00:00,Acoustic comfort,sla_day,54.333333333333336,0.0
779,2025-03-19 11:00:00+00:00,Acoustic comfort,sla_day,67.25,0.0
780,2025-03-19 12:00:00+00:00,Acoustic comfort,sla_day,75.0,0.0
781,2025-03-19 13:00:00+00:00,Acoustic comfort,sla_day,76.08333333333333,0.0
782,2025-03-19 14:00:00+00:00,Acoustic comfort,sla_day,74.66666666666667,0.0
783,2025-03-19 15:00:00+00:00,Acoustic comfort,sla_day,61.1,0.0
784,2025-03-19 16:00:00+00:00,Acoustic comfort,sla_day,54.27272727272727,0.0
785,2025-03-19 17:00:00+00:00,Acoustic comfort,sla_day,53.66666666666666,0.0
786,2025-03-19 18:00:00+00:00,Acoustic comfort,sla_day,59.833333333333336,0.0
787,2025-03-19 19:00:00+00:00,Acoustic comfort,sla_day,51.41666666666666,0.0
788,2025-03-19 20:00:00+00:00,Acoustic comfort,sla_day,64.58333333333333,0.0
789,2025-03-19 21:00:00+00:00,Acoustic comfort,sla_day,63.5,0.0
790,2025-03-19 22:00:00+00:00,Acoustic comfort,sla_night,69.91666666666667,0.0
791,2025-03-19 23:00:00+00:00,Acoustic comfort,sla_night,56.583333333333336,0.0
792,2025-03-20 00:00:00+00:00,Acoustic comfort,sla_night,47.5,0.0
793,2025-03-20 01:00:00+00:00,Acoustic comfort,sla_night,45.0,0.0
794,2025-03-20 02:00:00+00:00,Acoustic comfort,sla_night,45.72727272727273,0.0
795,2025-03-20 03:00:00+00:00,Acoustic comfort,sla_night,44.16666666666666,0.0
796,2025-03-20 04:00:00+00:00,Acoustic comfort,sla_night,44.583333333333336,0.0
797,2025-03-20 05:00:00+00:00,Acoustic comfort,sla_night,40.083333333333336,0.0
798,2025-03-20 06:00:00+00:00,Acoustic comfort,sla_night,40.66666666666666,0.0
799,2025-03-20 07:00:00+00:00,Acoustic comfort,sla_night,44.0,0.0
800,2025-03-20 08:00:00+00:00,Acoustic comfort,sla_day,50.0,0.0
801,2025-03-20 09:00:00+00:00,Acoustic comfort,sla_day,56.5,0.0
802,2025-03-20 10:00:00+00:00,Acoustic comfort,sla_day,62.5,0.0
803,2025-03-20 11:00:00+00:00,Acoustic comfort,sla_day,76.0,0.0
804,2025-03-20 12:00:00+00:00,Acoustic comfort,sla_day,70.75,0.0
805,2025-03-20 13:00:00+00:00,Acoustic comfort,sla_day,60.75,0.0
806,2025-03-20 14:00:00+00:00,Acoustic comfort,sla_day,59.333333333333336,0.0
807,2025-03-20 15:00:00+00:00,Acoustic comfort,sla_day,65.5,0.0
808,2025-03-20 16:00:00+00:00,Acoustic comfort,sla_day,58.083333333333336,0.0
809,2025-03-20 17:00:00+00:00,Acoustic comfort,sla_day,49.16666666666666,0.0
810,2025-03-20 18:00:00+00:00,Acoustic comfort,sla_day,53.25,0.0
811,2025-03-20 19:00:00+00:00,Acoustic comfort,sla_day,42.75,0.0
812,2025-03-20 20:00:00+00:00,Acoustic comfort,sla_day,57.25,0.0
813,2025-03-20 21:00:00+00:00,Acoustic comfort,sla_day,60.16666666666666,0.0
814,2025-03-20 22:00:00+00:00,Acoustic comfort,sla_night,59.083333333333336,0.0
815,2025-03-20 23:00:00+00:00,Acoustic comfort,sla_night,41.91666666666666,0.0
816,2025-03-21 00:00:00+00:00,Acoustic comfort,sla_night,39.833333333333336,0.0
817,2025-03-21 01:00:00+00:00,Acoustic comfort,sla_night,39.41666666666666,0.0
818,2025-03-21 02:00:00+00:00,Acoustic comfort,sla_night,39.25,0.0
819,2025-03-21 03:00:00+00:00,Acoustic comfort,sla_night,39.25,0.0
820,2025-03-21 04:00:00+00:00,Acoustic comfort,sla_night,39.66666666666666,0.0
821,2025-03-21 05:00:00+00:00,Acoustic comfort,sla_night,40.66666666666666,0.0
822,2025-03-21 06:00:00+00:00,Acoustic comfort,sla_night,40.083333333333336,0.0
823,2025-03-21 07:00:00+00:00,Acoustic comfort,sla_night,41.333333333333336,0.0
824,2025-03-21 08:00:00+00:00,Acoustic comfort,sla_day,44.91666666666666,0.0
825,2025-03-21 09:00:00+00:00,Acoustic comfort,sla_day,43.5,0.0
826,2025-03-21 10:00:00+00:00,Acoustic comfort,sla_day,50.083333333333336,0.0
827,2025-03-21 11:00:00+00:00,Acoustic comfort,sla_day,58.91666666666666,0.0
828,2025-03-21 12:00:00+00:00,Acoustic comfort,sla_day,65.75,0.0
829,2025-03-21 13:00:00+00:00,Acoustic comfort,sla_day,75.83333333333333,0.0
830,2025-03-21 14:00:00+00:00,Acoustic comfort,sla_day,74.75,0.0
831,2025-03-21 15:00:00+00:00,Acoustic comfort,sla_day,64.83333333333333,0.0
832,2025-03-21 16:00:00+00:00,Acoustic comfort,sla_day,49.75,0.0
833,2025-03-21 17:00:00+00:00,Acoustic comfort,sla_day,46.66666666666666,0.0
834,2025-03-21 18:00:00+00:00,Acoustic comfort,sla_day,49.75,0.0
835,2025-03-21 19:00:00+00:00,Acoustic comfort,sla_day,53.41666666666666,0.0
836,2025-03-21 20:00:00+00:00,Acoustic comfort,sla_day,61.333333333333336,0.0
837,2025-03-21 21:00:00+00:00,Acoustic comfort,sla_day,60.333333333333336,0.0
838,2025-03-21 22:00:00+00:00,Acoustic comfort,sla_night,60.41666666666666,0.0
839,2025-03-21 23:00:00+00:00,Acoustic comfort,sla_night,47.5,0.0
840,2025-03-15 00:00:00+00:00,Thermal comfort,temperature_cooling_nat,20.428150100000003,100.0
841,2025-03-15 01:00:00+00:00,Thermal comfort,temperature_cooling_nat,19.53648343333333,100.0
842,2025-03-15 02:00:00+00:00,Thermal comfort,temperature_cooling_nat,18.928150100000003,100.0
843,2025-03-15 03:00:00+00:00,Thermal comfort,temperature_cooling_nat,18.53648343333333,100.0
844,2025-03-15 04:00:00+00:00,Thermal comfort,temperature_cooling_nat,18.244816766666673,100.0
845,2025-03-15 05:00:00+00:00,Thermal comfort,temperature_cooling_nat,17.994816766666666,100.0
846,2025-03-15 06:00:00+00:00,Thermal comfort,temperature_cooling_nat,17.74633191818181,100.0
847,2025-03-15 07:00:00+00:00,Thermal comfort,temperature_cooling_nat,17.7531501,100.0
848,2025-03-15 08:00:00+00:00,Thermal comfort,temperature_cooling_nat,17.68648343333333,100.0
849,2025-03-15 09:00:00+00:00,Thermal comfort,temperature_cooling_nat,17.54481676666667,100.0
850,2025-03-15 10:00:00+00:00,Thermal comfort,temperature_cooling_nat,16.8781501,100.0
851,2025-03-15 11:00:00+00:00,Thermal comfort,temperature_cooling_nat,15.494816766666668,84.74083833333337
852,2025-03-15 12:00:00+00:00,Thermal comfort,temperature_cooling_nat,16.028150099999998,100.0
853,2025-03-15 13:00:00+00:00,Thermal comfort,temperature_cooling_nat,17.969816766666668,100.0
854,2025-03-15 14:00:00+00:00,Thermal comfort,temperature_cooling_nat,19.844816766666668,100.0
855,2025-03-15 15:00:00+00:00,Thermal comfort,temperature_cooling_nat,20.853150099999993,97.34249500000035
856,2025-03-15 16:00:00+00:00,Thermal comfort,temperature_cooling_nat,21.64481676666668,57.75916166666608
857,2025-03-15 17:00:00+00:00,Thermal comfort,temperature_cooling_nat,22.06148343333333,36.92582833333358
858,2025-03-15 18:00:00+00:00,Thermal comfort,temperature_cooling_nat,22.2031501,29.842494999999936
859,2025-03-15 19:00:00+00:00,Thermal comfort,temperature_cooling_nat,20.2031501,100.0
860,2025-03-15 20:00:00+00:00,Thermal comfort,temperature_cooling_nat,18.803150100000003,100.0
861,2025-03-15 21:00:00+00:00,Thermal comfort,temperature_cooling_nat,20.119816766666663,100.0
862,2025-03-15 22:00:00+00:00,Thermal comfort,temperature_cooling_nat,21.644816766666665,57.75916166666679
863,2025-03-15 23:00:00+00:00,Thermal comfort,temperature_cooling_nat,22.336483433333328,23.175828333333648
864,2025-03-16 00:00:00+00:00,Thermal comfort,temperature_cooling_nat,21.850231933333337,47.4884033333332
865,2025-03-16 01:00:00+00:00,Thermal comfort,temperature_cooling_nat,20.358565266666663,100.0
866,2025-03-16 02:00:00+00:00,Thermal comfort,temperature_cooling_nat,19.525231933333338,100.0
867,2025-03-16 03:00:00+00:00,Thermal comfort,temperature_cooling_nat,18.985080418181823,100.0
868,2025-03-16 04:00:00+00:00,Thermal comfort,temperature_cooling_nat,18.633565266666665,100.0
869,2025-03-16 05:00:00+00:00,Thermal comfort,temperature_cooling_nat,18.29417132727273,100.0
870,2025-03-16 06:00:00+00:00,Thermal comfort,temperature_cooling_nat,18.07523193333333,100.0
871,2025-03-16 07:00:00+00:00,Thermal comfort,temperature_cooling_nat,17.900231933333338,100.0
872,2025-03-16 08:00:00+00:00,Thermal comfort,temperature_cooling_nat,17.92523193333333,100.0
873,2025-03-16 09:00:00+00:00,Thermal comfort,temperature_cooling_nat,18.0418986,100.0
874,2025-03-16 10:00:00+00:00,Thermal comfort,temperature_cooling_nat,17.625231933333332,100.0
875,2025-03-16 11:00:00+00:00,Thermal comfort,temperature_cooling_nat,18.70023193333333,100.0
876,2025-03-16 12:00:00+00:00,Thermal comfort,temperature_cooling_nat,20.258565266666672,100.0
877,2025-03-16 13:00:00+00:00,Thermal comfort,temperature_cooling_nat,21.283565266666663,75.82173666666688
878,2025-03-16 14:00:00+00:00,Thermal comfort,temperature_cooling_nat,22.00856526666667,39.571736666666624
879,2025-03-16 15:00:00+00:00,Thermal comfort,temperature_cooling_nat,22.558565266666665,12.071736666666766
880,2025-03-16 16:00:00+00:00,Thermal comfort,temperature_cooling_nat,22.9668986,0.0
881,2025-03-16 17:00:00+00:00,Thermal comfort,temperature_cooling_nat,21.983565266666663,40.82173666666673
882,2025-03-16 18:00:00+00:00,Thermal comfort,temperature_cooling_nat,20.000231933333332,100.0
883,2025-03-16 19:00:00+00:00,Thermal comfort,temperature_cooling_nat,19.2918986,100.0
884,2025-03-16 20:00:00+00:00,Thermal comfort,temperature_cooling_nat,20.85023193333333,97.48840333333357
885,2025-03-16 21:00:00+00:00,Thermal comfort,temperature_cooling_nat,21.95023193333333,42.48840333333348
886,2025-03-16 22:00:00+00:00,Thermal comfort,temperature_cooling_nat,22.650231933333338,7.488403333333338
887,2025-03-16 23:00:00+00:00,Thermal comfort,temperature_cooling_nat,22.3168986,24.155069999999945
888,2025-03-17 00:00:00+00:00,Thermal comfort,temperature_cooling_nat,20.899630466666668,95.01847666666664
889,2025-03-17 01:00:00+00:00,Thermal comfort,temperature_cooling_nat,20.0079638,100.0
890,2025-03-17 02:00:00+00:00,Thermal comfort,temperature_cooling_nat,19.41629713333333,100.0
891,2025-03-17 03:00:00+00:00,Thermal comfort,temperature_cooling_nat,18.99963046666667,100.0
892,2025-03-17 04:00:00+00:00,Thermal comfort,temperature_cooling_nat,18.65796379999999,100.0
893,2025-03-17 05:00:00+00:00,Thermal comfort,temperature_cooling_nat,18.5579638,100.0
894,2025-03-17 06:00:00+00:00,Thermal comfort,temperature_cooling_nat,18.016297133333335,100.0
895,2025-03-17 07:00:00+00:00,Thermal comfort,temperature_cooling_nat,17.507963800000002,100.0
896,2025-03-17 08:00:00+00:00,Thermal comfort,temperature_cooling_nat,17.141297133333328,100.0
897,2025-03-17 09:00:00+00:00,Thermal comfort,temperature_cooling_nat,16.857963800000004,100.0
898,2025-03-17 10:00:00+00:00,Thermal comfort,temperature_cooling_nat,16.657963799999997,100.0
899,2025-03-17 11:00:00+00:00,Thermal comfort,temperature_cooling_nat,16.59887289090909,100.0
900,2025-03-17 12:00:00+00:00,Thermal comfort,temperature_cooling_nat,16.49129713333333,100.0
901,2025-03-17 13:00:00+00:00,Thermal comfort,temperature_cooling_nat,16.391297133333335,100.0
902,2025-03-17 14:00:00+00:00,Thermal comfort,temperature_cooling_nat,16.407963799999997,100.0
903,2025-03-17 15:00:00+00:00,Thermal comfort,temperature_cooling_nat,18.28069107272728,100.0
904,2025-03-17 16:00:00+00:00,Thermal comfort,temperature_cooling_nat,18.274630466666668,100.0
905,2025-03-17 17:00:00+00:00,Thermal comfort,temperature_cooling_nat,17.49129713333333,100.0
906,2025-03-17 18:00:00+00:00,Thermal comfort,temperature_cooling_nat,17.07463046666666,100.0
907,2025-03-17 19:00:00+00:00,Thermal comfort,temperature_cooling_nat,16.882963800000002,100.0
908,2025-03-17 20:00:00+00:00,Thermal comfort,temperature_cooling_nat,18.016297133333328,100.0
909,2025-03-17 21:00:00+00:00,Thermal comfort,temperature_cooling_nat,20.12463046666667,100.0
910,2025-03-17 22:00:00+00:00,Thermal comfort,temperature_cooling_nat,20.29129713333333,100.0
911,2025-03-17 23:00:00+00:00,Thermal comfort,temperature_cooling_nat,19.0079638,100.0
912,2025-03-18 00:00:00+00:00,Thermal comfort,temperature_cooling_nat,18.3937146,100.0
913,2025-03-18 01:00:00+00:00,Thermal comfort,temperature_cooling_nat,17.910381266666672,100.0
914,2025-03-18 02:00:00+00:00,Thermal comfort,temperature_cooling_nat,17.610381266666668,100.0
915,2025-03-18 03:00:00+00:00,Thermal comfort,temperature_cooling_nat,17.43538126666667,100.0
916,2025-03-18 04:00:00+00:00,Thermal comfort,temperature_cooling_nat,17.28538126666666,100.0
917,2025-03-18 05:00:00+00:00,Thermal comfort,temperature_cooling_nat,17.32704793333333,100.0
918,2025-03-18 06:00:00+00:00,Thermal comfort,temperature_cooling_nat,17.135381266666663,100.0
919,2025-03-18 07:00:00+00:00,Thermal comfort,temperature_cooling_nat,17.03538126666667,100.0
920,2025-03-18 08:00:00+00:00,Thermal comfort,temperature_cooling_nat,16.93538126666667,100.0
921,2025-03-18 09:00:00+00:00,Thermal comfort,temperature_cooling_nat,16.8437146,100.0
922,2025-03-18 10:00:00+00:00,Thermal comfort,temperature_cooling_nat,17.72704793333333,100.0
923,2025-03-18 11:00:00+00:00,Thermal comfort,temperature_cooling_nat,17.502047933333337,100.0
924,2025-03-18 12:00:00+00:00,Thermal comfort,temperature_cooling_nat,17.2937146,100.0
925,2025-03-18 13:00:00+00:00,Thermal comfort,temperature_cooling_nat,16.502047933333333,100.0
926,2025-03-18 14:00:00+00:00,Thermal comfort,temperature_cooling_nat,16.35204793333333,100.0
927,2025-03-18 15:00:00+00:00,Thermal comfort,temperature_cooling_nat,18.03538126666667,100.0
928,2025-03-18 16:00:00+00:00,Thermal comfort,temperature_cooling_nat,19.85204793333333,100.0
929,2025-03-18 17:00:00+00:00,Thermal comfort,temperature_cooling_nat,20.65204793333333,100.0
930,2025-03-18 18:00:00+00:00,Thermal comfort,temperature_cooling_nat,21.26038126666668,76.98093666666601
931,2025-03-18 19:00:00+00:00,Thermal comfort,temperature_cooling_nat,19.68538126666667,100.0
932,2025-03-18 20:00:00+00:00,Thermal comfort,temperature_cooling_nat,18.7937146,100.0
933,2025-03-18 21:00:00+00:00,Thermal comfort,temperature_cooling_nat,20.4687146,100.0
934,2025-03-18 22:00:00+00:00,Thermal comfort,temperature_cooling_nat,21.66038126666667,56.980936666666615
935,2025-03-18 23:00:00+00:00,Thermal comfort,temperature_cooling_nat,22.1687146,31.564269999999972
936,2025-03-19 00:00:00+00:00,Thermal comfort,temperature_cooling_nat,21.28594776666667,75.70261166666654
937,2025-03-19 01:00:00+00:00,Thermal comfort,temperature_cooling_nat,19.885947766666664,100.0
938,2025-03-19 02:00:00+00:00,Thermal comfort,temperature_cooling_nat,19.077614433333338,100.0
939,2025-03-19 03:00:00+00:00,Thermal comfort,temperature_cooling_nat,18.577614433333338,100.0
940,2025-03-19 04:00:00+00:00,Thermal comfort,temperature_cooling_nat,18.227614433333333,100.0
941,2025-03-19 05:00:00+00:00,Thermal comfort,temperature_cooling_nat,18.019281100000008,100.0
942,2025-03-19 06:00:00+00:00,Thermal comfort,temperature_cooling_nat,17.8442811,100.0
943,2025-03-19 07:00:00+00:00,Thermal comfort,temperature_cooling_nat,17.719281099999996,100.0
944,2025-03-19 08:00:00+00:00,Thermal comfort,temperature_cooling_nat,17.877614433333335,100.0
945,2025-03-19 09:00:00+00:00,Thermal comfort,temperature_cooling_nat,18.20261443333333,100.0
946,2025-03-19 10:00:00+00:00,Thermal comfort,temperature_cooling_nat,18.22761443333333,100.0
947,2025-03-19 11:00:00+00:00,Thermal comfort,temperature_cooling_nat,18.69655382727273,100.0
948,2025-03-19 12:00:00+00:00,Thermal comfort,temperature_cooling_nat,19.794281100000003,100.0
949,2025-03-19 13:00:00+00:00,Thermal comfort,temperature_cooling_nat,18.8442811,100.0
950,2025-03-19 14:00:00+00:00,Thermal comfort,temperature_cooling_nat,18.910947766666663,100.0
951,2025-03-19 15:00:00+00:00,Thermal comfort,temperature_cooling_nat,20.7192811,100.0
952,2025-03-19 16:00:00+00:00,Thermal comfort,temperature_cooling_nat,22.023826554545455,38.80867227272731
953,2025-03-19 17:00:00+00:00,Thermal comfort,temperature_cooling_nat,22.4692811,16.53594500000004
954,2025-03-19 18:00:00+00:00,Thermal comfort,temperature_cooling_nat,21.019281100000004,89.03594499999983
955,2025-03-19 19:00:00+00:00,Thermal comfort,temperature_cooling_nat,19.86094776666667,100.0
956,2025-03-19 20:00:00+00:00,Thermal comfort,temperature_cooling_nat,19.044281100000006,100.0
957,2025-03-19 21:00:00+00:00,Thermal comfort,temperature_cooling_nat,20.58594776666667,100.0
958,2025-03-19 22:00:00+00:00,Thermal comfort,temperature_cooling_nat,21.86094776666667,46.95261166666658
959,2025-03-19 23:00:00+00:00,Thermal comfort,temperature_cooling_nat,21.5692811,61.53594499999997
960,2025-03-20 00:00:00+00:00,Thermal comfort,temperature_cooling_nat,20.24245883333333,100.0
961,2025-03-20 01:00:00+00:00,Thermal comfort,temperature_cooling_nat,19.5341255,100.0
962,2025-03-20 02:00:00+00:00,Thermal comfort,temperature_cooling_nat,19.145489136363636,100.0
963,2025-03-20 03:00:00+00:00,Thermal comfort,temperature_cooling_nat,18.792458833333335,100.0
964,2025-03-20 04:00:00+00:00,Thermal comfort,temperature_cooling_nat,18.742458833333338,100.0
965,2025-03-20 05:00:00+00:00,Thermal comfort,temperature_cooling_nat,18.5591255,100.0
966,2025-03-20 06:00:00+00:00,Thermal comfort,temperature_cooling_nat,18.40079216666667,100.0
967,2025-03-20 07:00:00+00:00,Thermal comfort,temperature_cooling_nat,18.2341255,100.0
968,2025-03-20 08:00:00+00:00,Thermal comfort,temperature_cooling_nat,18.26745883333333,100.0
969,2025-03-20 09:00:00+00:00,Thermal comfort,temperature_cooling_nat,17.842458833333332,100.0
970,2025-03-20 10:00:00+00:00,Thermal comfort,temperature_cooling_nat,17.8341255,100.0
971,2025-03-20 11:00:00+00:00,Thermal comfort,temperature_cooling_nat,18.01745883333333,100.0
972,2025-03-20 12:00:00+00:00,Thermal comfort,temperature_cooling_nat,17.784125500000002,100.0
973,2025-03-20 13:00:00+00:00,Thermal comfort,temperature_cooling_nat,17.89245883333333,100.0
974,2025-03-20 14:00:00+00:00,Thermal comfort,temperature_cooling_nat,18.042458833333328,100.0
975,2025-03-20 15:00:00+00:00,Thermal comfort,temperature_cooling_nat,19.46745883333334,100.0
976,2025-03-20 16:00:00+00:00,Thermal comfort,temperature_cooling_nat,20.100792166666665,100.0
977,2025-03-20 17:00:00+00:00,Thermal comfort,temperature_cooling_nat,21.509125500000003,64.54372499999988
978,2025-03-20 18:00:00+00:00,Thermal comfort,temperature_cooling_nat,21.692458833333333,55.37705833333337
979,2025-03-20 19:00:00+00:00,Thermal comfort,temperature_cooling_nat,20.100792166666665,100.0
980,2025-03-20 20:00:00+00:00,Thermal comfort,temperature_cooling_nat,19.9091255,100.0
981,2025-03-20 21:00:00+00:00,Thermal comfort,temperature_cooling_nat,21.692458833333333,55.37705833333337
982,2025-03-20 22:00:00+00:00,Thermal comfort,temperature_cooling_nat,22.592458833333332,10.377058333333444
983,2025-03-20 23:00:00+00:00,Thermal comfort,temperature_cooling_nat,21.8091255,49.543725000000016
984,2025-03-21 00:00:00+00:00,Thermal comfort,temperature_cooling_nat,20.4017321,100.0
985,2025-03-21 01:00:00+00:00,Thermal comfort,temperature_cooling_nat,19.81006543333333,100.0
986,2025-03-21 02:00:00+00:00,Thermal comfort,temperature_cooling_nat,19.4267321,100.0
987,2025-03-21 03:00:00+00:00,Thermal comfort,temperature_cooling_nat,19.1517321,100.0
988,2025-03-21 04:00:00+00:00,Thermal comfort,temperature_cooling_nat,19.04339876666667,100.0
989,2025-03-21 05:00:00+00:00,Thermal comfort,temperature_cooling_nat,18.835065433333337,100.0
990,2025-03-21 06:00:00+00:00,Thermal comfort,temperature_cooling_nat,18.76991391818182,100.0
991,2025-03-21 07:00:00+00:00,Thermal comfort,temperature_cooling_nat,18.660065433333333,100.0
992,2025-03-21 08:00:00+00:00,Thermal comfort,temperature_cooling_nat,18.5767321,100.0
993,2025-03-21 09:00:00+00:00,Thermal comfort,temperature_cooling_nat,18.4267321,100.0
994,2025-03-21 10:00:00+00:00,Thermal comfort,temperature_cooling_nat,17.98506543333333,100.0
995,2025-03-21 11:00:00+00:00,Thermal comfort,temperature_cooling_nat,17.793398766666666,100.0
996,2025-03-21 12:00:00+00:00,Thermal comfort,temperature_cooling_nat,18.19339876666666,100.0
997,2025-03-21 13:00:00+00:00,Thermal comfort,temperature_cooling_nat,18.49339876666667,100.0
998,2025-03-21 14:00:00+00:00,Thermal comfort,temperature_cooling_nat,18.51006543333333,100.0
999,2025-03-21 15:00:00+00:00,Thermal comfort,temperature_cooling_nat,18.968398766666663,100.0
1000,2025-03-21 16:00:00+00:00,Thermal comfort,temperature_cooling_nat,19.2267321,100.0
1001,2025-03-21 17:00:00+00:00,Thermal comfort,temperature_cooling_nat,19.0767321,100.0
1002,2025-03-21 18:00:00+00:00,Thermal comfort,temperature_cooling_nat,19.035065433333337,100.0
1003,2025-03-21 19:00:00+00:00,Thermal comfort,temperature_cooling_nat,18.36991391818182,100.0
1004,2025-03-21 20:00:00+00:00,Thermal comfort,temperature_cooling_nat,18.73506543333333,100.0
1005,2025-03-21 21:00:00+00:00,Thermal comfort,temperature_cooling_nat,21.0767321,86.16339499999998
1006,2025-03-21 22:00:00+00:00,Thermal comfort,temperature_cooling_nat,22.376732100000005,21.163394999999777
1007,2025-03-21 23:00:00+00:00,Thermal comfort,temperature_cooling_nat,22.1267321,33.66339499999995
1008,2025-03-15 00:00:00+00:00,Air quality,ch2o,81.00116564417179,21.10981595092023
1009,2025-03-15 01:00:00+00:00,Air quality,ch2o,59.691533742331295,44.78718473074301
1010,2025-03-15 02:00:00+00:00,Air quality,ch2o,41.45245398773007,65.05282890252215
1011,2025-03-15 03:00:00+00:00,Air quality,ch2o,29.108834355828225,78.76796182685753
1012,2025-03-15 04:00:00+00:00,Air quality,ch2o,20.24289934105885,88.61900073215683
1013,2025-03-15 05:00:00+00:00,Air quality,ch2o,16.724274028629857,92.52858441263348
1014,2025-03-15 06:00:00+00:00,Air quality,ch2o,12.928640619954797,96.74595486671689
1015,2025-03-15 07:00:00+00:00,Air quality,ch2o,8.72287467134093,100.0
1016,2025-03-15 08:00:00+00:00,Air quality,ch2o,5.753245075879884,100.0
1017,2025-03-15 09:00:00+00:00,Air quality,ch2o,3.1729038854805727,100.0
1018,2025-03-15 10:00:00+00:00,Air quality,ch2o,0.0,100.0
1019,2025-03-15 11:00:00+00:00,Air quality,ch2o,0.0,100.0
1020,2025-03-15 12:00:00+00:00,Air quality,ch2o,0.0,100.0
1021,2025-03-15 13:00:00+00:00,Air quality,ch2o,18.218609406952968,90.86821177005226
1022,2025-03-15 14:00:00+00:00,Air quality,ch2o,0.0,100.0
1023,2025-03-15 15:00:00+00:00,Air quality,ch2o,0.0,100.0
1024,2025-03-15 16:00:00+00:00,Air quality,ch2o,0.0,100.0
1025,2025-03-15 17:00:00+00:00,Air quality,ch2o,0.0,100.0
1026,2025-03-15 18:00:00+00:00,Air quality,ch2o,0.0,100.0
1027,2025-03-15 19:00:00+00:00,Air quality,ch2o,0.0,100.0
1028,2025-03-15 20:00:00+00:00,Air quality,ch2o,0.0,100.0
1029,2025-03-15 21:00:00+00:00,Air quality,ch2o,0.0,100.0
1030,2025-03-15 22:00:00+00:00,Air quality,ch2o,7.7787321063394685,100.0
1031,2025-03-15 23:00:00+00:00,Air quality,ch2o,6.059222903885482,100.0
1032,2025-03-16 00:00:00+00:00,Air quality,ch2o,4.974294478527607,100.0
1033,2025-03-16 01:00:00+00:00,Air quality,ch2o,1.8218609406952968,100.0
1034,2025-03-16 02:00:00+00:00,Air quality,ch2o,0.1842331288343558,100.0
1035,2025-03-16 03:00:00+00:00,Air quality,ch2o,0.0,100.0
1036,2025-03-16 04:00:00+00:00,Air quality,ch2o,0.0,100.0
1037,2025-03-16 05:00:00+00:00,Air quality,ch2o,0.0,100.0
1038,2025-03-16 06:00:00+00:00,Air quality,ch2o,0.0,100.0
1039,2025-03-16 07:00:00+00:00,Air quality,ch2o,0.0,100.0
1040,2025-03-16 08:00:00+00:00,Air quality,ch2o,0.0,100.0
1041,2025-03-16 09:00:00+00:00,Air quality,ch2o,0.2865848670756646,100.0
1042,2025-03-16 10:00:00+00:00,Air quality,ch2o,0.0,100.0
1043,2025-03-16 11:00:00+00:00,Air quality,ch2o,0.0,100.0
1044,2025-03-16 12:00:00+00:00,Air quality,ch2o,0.0,100.0
1045,2025-03-16 13:00:00+00:00,Air quality,ch2o,0.0,100.0
1046,2025-03-16 14:00:00+00:00,Air quality,ch2o,2.1903271983640087,100.0
1047,2025-03-16 15:00:00+00:00,Air quality,ch2o,4.401124744376278,100.0
1048,2025-03-16 16:00:00+00:00,Air quality,ch2o,2.128916155419223,100.0
1049,2025-03-16 17:00:00+00:00,Air quality,ch2o,11.668098159509205,98.14655760054532
1050,2025-03-16 18:00:00+00:00,Air quality,ch2o,0.0,100.0
1051,2025-03-16 19:00:00+00:00,Air quality,ch2o,0.0,100.0
1052,2025-03-16 20:00:00+00:00,Air quality,ch2o,0.1432924335378322,100.0
1053,2025-03-16 21:00:00+00:00,Air quality,ch2o,0.0614110429447852,100.0
1054,2025-03-16 22:00:00+00:00,Air quality,ch2o,8.351901840490799,100.0
1055,2025-03-16 23:00:00+00:00,Air quality,ch2o,7.512617586912065,100.0
1056,2025-03-17 00:00:00+00:00,Air quality,ch2o,5.690756646216769,100.0
1057,2025-03-17 01:00:00+00:00,Air quality,ch2o,3.582310838445808,100.0
1058,2025-03-17 02:00:00+00:00,Air quality,ch2o,2.128916155419223,100.0
1059,2025-03-17 03:00:00+00:00,Air quality,ch2o,0.3204054414510536,100.0
1060,2025-03-17 04:00:00+00:00,Air quality,ch2o,0.0272937968643489,100.0
1061,2025-03-17 05:00:00+00:00,Air quality,ch2o,2.149386503067485,100.0
1062,2025-03-17 06:00:00+00:00,Air quality,ch2o,0.0,100.0
1063,2025-03-17 07:00:00+00:00,Air quality,ch2o,0.0,100.0
1064,2025-03-17 08:00:00+00:00,Air quality,ch2o,0.0,100.0
1065,2025-03-17 09:00:00+00:00,Air quality,ch2o,0.0,100.0
1066,2025-03-17 10:00:00+00:00,Air quality,ch2o,0.0,100.0
1067,2025-03-17 11:00:00+00:00,Air quality,ch2o,0.0,100.0
1068,2025-03-17 12:00:00+00:00,Air quality,ch2o,0.0,100.0
1069,2025-03-17 13:00:00+00:00,Air quality,ch2o,0.0,100.0
1070,2025-03-17 14:00:00+00:00,Air quality,ch2o,0.0,100.0
1071,2025-03-17 15:00:00+00:00,Air quality,ch2o,0.0,100.0
1072,2025-03-17 16:00:00+00:00,Air quality,ch2o,0.0,100.0
1073,2025-03-17 17:00:00+00:00,Air quality,ch2o,0.0,100.0
1074,2025-03-17 18:00:00+00:00,Air quality,ch2o,0.0,100.0
1075,2025-03-17 19:00:00+00:00,Air quality,ch2o,0.0,100.0
1076,2025-03-17 20:00:00+00:00,Air quality,ch2o,0.0,100.0
1077,2025-03-17 21:00:00+00:00,Air quality,ch2o,5.015235173824131,100.0
1078,2025-03-17 22:00:00+00:00,Air quality,ch2o,0.5322290388548058,100.0
1079,2025-03-17 23:00:00+00:00,Air quality,ch2o,0.0,100.0
1080,2025-03-18 00:00:00+00:00,Air quality,ch2o,0.0,100.0
1081,2025-03-18 01:00:00+00:00,Air quality,ch2o,0.0,100.0
1082,2025-03-18 02:00:00+00:00,Air quality,ch2o,0.0,100.0
1083,2025-03-18 03:00:00+00:00,Air quality,ch2o,0.0,100.0
1084,2025-03-18 04:00:00+00:00,Air quality,ch2o,0.0,100.0
1085,2025-03-18 05:00:00+00:00,Air quality,ch2o,0.4503476482617586,100.0
1086,2025-03-18 06:00:00+00:00,Air quality,ch2o,0.1228220858895705,100.0
1087,2025-03-18 07:00:00+00:00,Air quality,ch2o,0.0,100.0
1088,2025-03-18 08:00:00+00:00,Air quality,ch2o,0.0,100.0
1089,2025-03-18 09:00:00+00:00,Air quality,ch2o,0.0,100.0
1090,2025-03-18 10:00:00+00:00,Air quality,ch2o,0.0,100.0
1091,2025-03-18 11:00:00+00:00,Air quality,ch2o,0.0,100.0
1092,2025-03-18 12:00:00+00:00,Air quality,ch2o,0.0,100.0
1093,2025-03-18 13:00:00+00:00,Air quality,ch2o,0.0,100.0
1094,2025-03-18 14:00:00+00:00,Air quality,ch2o,0.0,100.0
1095,2025-03-18 15:00:00+00:00,Air quality,ch2o,0.0,100.0
1096,2025-03-18 16:00:00+00:00,Air quality,ch2o,0.0,100.0
1097,2025-03-18 17:00:00+00:00,Air quality,ch2o,0.0,100.0
1098,2025-03-18 18:00:00+00:00,Air quality,ch2o,0.0,100.0
1099,2025-03-18 19:00:00+00:00,Air quality,ch2o,0.0,100.0
1100,2025-03-18 20:00:00+00:00,Air quality,ch2o,0.0,100.0
1101,2025-03-18 21:00:00+00:00,Air quality,ch2o,3.766543967280165,100.0
1102,2025-03-18 22:00:00+00:00,Air quality,ch2o,8.59754601226994,100.0
1103,2025-03-18 23:00:00+00:00,Air quality,ch2o,9.621063394683029,100.0
1104,2025-03-19 00:00:00+00:00,Air quality,ch2o,9.006952965235174,100.0
1105,2025-03-19 01:00:00+00:00,Air quality,ch2o,6.304867075664623,100.0
1106,2025-03-19 02:00:00+00:00,Air quality,ch2o,5.138057259713702,100.0
1107,2025-03-19 03:00:00+00:00,Air quality,ch2o,3.582310838445808,100.0
1108,2025-03-19 04:00:00+00:00,Air quality,ch2o,2.456441717791411,100.0
1109,2025-03-19 05:00:00+00:00,Air quality,ch2o,1.7399795501022497,100.0
1110,2025-03-19 06:00:00+00:00,Air quality,ch2o,0.6141104294478528,100.0
1111,2025-03-19 07:00:00+00:00,Air quality,ch2o,1.165768950816263,100.0
1112,2025-03-19 08:00:00+00:00,Air quality,ch2o,2.0265644171779145,100.0
1113,2025-03-19 09:00:00+00:00,Air quality,ch2o,18.68942740286299,90.34508066348556
1114,2025-03-19 10:00:00+00:00,Air quality,ch2o,23.99124744376278,84.45416950693024
1115,2025-03-19 11:00:00+00:00,Air quality,ch2o,3.4594887525562377,100.0
1116,2025-03-19 12:00:00+00:00,Air quality,ch2o,73.67278118609407,29.25246534878437
1117,2025-03-19 13:00:00+00:00,Air quality,ch2o,35.311349693251536,71.8762781186094
1118,2025-03-19 14:00:00+00:00,Air quality,ch2o,30.15282208588957,77.6079754601227
1119,2025-03-19 15:00:00+00:00,Air quality,ch2o,19.46730061349693,89.48077709611452
1120,2025-03-19 16:00:00+00:00,Air quality,ch2o,14.001717791411044,95.55364689843218
1121,2025-03-19 17:00:00+00:00,Air quality,ch2o,12.405030674846628,97.32774369461484
1122,2025-03-19 18:00:00+00:00,Air quality,ch2o,8.065316973415133,100.0
1123,2025-03-19 19:00:00+00:00,Air quality,ch2o,1.023517382413088,100.0
1124,2025-03-19 20:00:00+00:00,Air quality,ch2o,0.9416359918200412,100.0
1125,2025-03-19 21:00:00+00:00,Air quality,ch2o,15.762167689161556,93.59759145648717
1126,2025-03-19 22:00:00+00:00,Air quality,ch2o,23.312576687116565,85.20824812542604
1127,2025-03-19 23:00:00+00:00,Air quality,ch2o,17.76826175869121,91.36859804589864
1128,2025-03-20 00:00:00+00:00,Air quality,ch2o,15.966871165644172,93.37014314928426
1129,2025-03-20 01:00:00+00:00,Air quality,ch2o,14.30877300613497,95.2124744376278
1130,2025-03-20 02:00:00+00:00,Air quality,ch2o,12.030981595092024,97.74335378323109
1131,2025-03-20 03:00:00+00:00,Air quality,ch2o,11.340572597137012,98.51047489207
1132,2025-03-20 04:00:00+00:00,Air quality,ch2o,15.659815950920246,93.71131561008862
1133,2025-03-20 05:00:00+00:00,Air quality,ch2o,25.69028629856851,82.5663485571461
1134,2025-03-20 06:00:00+00:00,Air quality,ch2o,24.46206543967281,83.93103840036355
1135,2025-03-20 07:00:00+00:00,Air quality,ch2o,23.35666666666667,85.15925925925926
1136,2025-03-20 08:00:00+00:00,Air quality,ch2o,18.83271983640082,90.18586684844354
1137,2025-03-20 09:00:00+00:00,Air quality,ch2o,3.8484253578732113,100.0
1138,2025-03-20 10:00:00+00:00,Air quality,ch2o,1.760449897750511,100.0
1139,2025-03-20 11:00:00+00:00,Air quality,ch2o,2.456441717791411,100.0
1140,2025-03-20 12:00:00+00:00,Air quality,ch2o,0.0,100.0
1141,2025-03-20 13:00:00+00:00,Air quality,ch2o,0.0,100.0
1142,2025-03-20 14:00:00+00:00,Air quality,ch2o,0.0,100.0
1143,2025-03-20 15:00:00+00:00,Air quality,ch2o,0.0,100.0
1144,2025-03-20 16:00:00+00:00,Air quality,ch2o,0.0,100.0
1145,2025-03-20 17:00:00+00:00,Air quality,ch2o,0.0,100.0
1146,2025-03-20 18:00:00+00:00,Air quality,ch2o,0.0,100.0
1147,2025-03-20 19:00:00+00:00,Air quality,ch2o,0.0,100.0
1148,2025-03-20 20:00:00+00:00,Air quality,ch2o,47.24556237218814,58.616041808679846
1149,2025-03-20 21:00:00+00:00,Air quality,ch2o,245.4230920245399,0.0
1150,2025-03-20 22:00:00+00:00,Air quality,ch2o,230.3118813905931,0.0
1151,2025-03-20 23:00:00+00:00,Air quality,ch2o,184.6425357873211,0.0
1152,2025-03-21 00:00:00+00:00,Air quality,ch2o,141.78134969325154,0.0
1153,2025-03-21 01:00:00+00:00,Air quality,ch2o,110.82646216768916,0.0
1154,2025-03-21 02:00:00+00:00,Air quality,ch2o,90.9730484451026,10.029946172108218
1155,2025-03-21 03:00:00+00:00,Air quality,ch2o,76.6000408997955,25.999954555782775
1156,2025-03-21 04:00:00+00:00,Air quality,ch2o,67.65449897750511,35.93944558054987
1157,2025-03-21 05:00:00+00:00,Air quality,ch2o,61.55433537832311,42.71740513519654
1158,2025-03-21 06:00:00+00:00,Air quality,ch2o,62.22985685071574,41.96682572142696
1159,2025-03-21 07:00:00+00:00,Air quality,ch2o,57.64449897750511,47.0616678027721
1160,2025-03-21 08:00:00+00:00,Air quality,ch2o,52.26079754601227,53.043558282208586
1161,2025-03-21 09:00:00+00:00,Air quality,ch2o,36.130163599182005,70.96648488979777
1162,2025-03-21 10:00:00+00:00,Air quality,ch2o,16.110163599182005,93.21092933424222
1163,2025-03-21 11:00:00+00:00,Air quality,ch2o,7.369325153374233,100.0
1164,2025-03-21 12:00:00+00:00,Air quality,ch2o,2.599734151329244,100.0
1165,2025-03-21 13:00:00+00:00,Air quality,ch2o,8.229079754601228,100.0
1166,2025-03-21 14:00:00+00:00,Air quality,ch2o,4.257832310838446,100.0
1167,2025-03-21 15:00:00+00:00,Air quality,ch2o,3.1524335378323114,100.0
1168,2025-03-21 16:00:00+00:00,Air quality,ch2o,3.8484253578732113,100.0
1169,2025-03-21 17:00:00+00:00,Air quality,ch2o,2.456441717791411,100.0
1170,2025-03-21 18:00:00+00:00,Air quality,ch2o,2.743026584867076,100.0
1171,2025-03-21 19:00:00+00:00,Air quality,ch2o,0.6141104294478528,100.0
1172,2025-03-21 20:00:00+00:00,Air quality,ch2o,0.0,100.0
1173,2025-03-21 21:00:00+00:00,Air quality,ch2o,3.2752556237218813,100.0
1174,2025-03-21 22:00:00+00:00,Air quality,ch2o,13.305725971370146,96.32697114292206
1175,2025-03-21 23:00:00+00:00,Air quality,ch2o,10.726462167689162,99.19281981367872
1176,2025-03-15 00:00:00+00:00,Air quality,co,340.05323790047714,0.0
1177,2025-03-15 01:00:00+00:00,Air quality,co,342.7263122017723,0.0
1178,2025-03-15 02:00:00+00:00,Air quality,co,281.24560327198367,0.0
1179,2025-03-15 03:00:00+00:00,Air quality,co,332.22494887525573,0.0
1180,2025-03-15 04:00:00+00:00,Air quality,co,188.8123911232296,0.0
1181,2025-03-15 05:00:00+00:00,Air quality,co,82.67436946148605,0.0
1182,2025-03-15 06:00:00+00:00,Air quality,co,104.31019265956304,0.0
1183,2025-03-15 07:00:00+00:00,Air quality,co,29.925963023246094,0.0
1184,2025-03-15 08:00:00+00:00,Air quality,co,56.47623147849174,0.0
1185,2025-03-15 09:00:00+00:00,Air quality,co,101.76775732788003,0.0
1186,2025-03-15 10:00:00+00:00,Air quality,co,63.33240730022765,0.0
1187,2025-03-15 11:00:00+00:00,Air quality,co,169.0267283751301,0.0
1188,2025-03-15 12:00:00+00:00,Air quality,co,172.4132924335378,0.0
1189,2025-03-15 13:00:00+00:00,Air quality,co,513.9940013633267,0.0
1190,2025-03-15 14:00:00+00:00,Air quality,co,246.8254322364752,0.0
1191,2025-03-15 15:00:00+00:00,Air quality,co,0.0,100.0
1192,2025-03-15 16:00:00+00:00,Air quality,co,42.38732106339469,0.0
1193,2025-03-15 17:00:00+00:00,Air quality,co,158.66605316973408,0.0
1194,2025-03-15 18:00:00+00:00,Air quality,co,90.50265848670756,0.0
1195,2025-03-15 19:00:00+00:00,Air quality,co,69.30899795501023,0.0
1196,2025-03-15 20:00:00+00:00,Air quality,co,43.15105657805045,0.0
1197,2025-03-15 21:00:00+00:00,Air quality,co,38.75957736877982,0.0
1198,2025-03-15 22:00:00+00:00,Air quality,co,73.50954328561694,0.0
1199,2025-03-15 23:00:00+00:00,Air quality,co,56.70736196319019,0.0
1200,2025-03-16 00:00:00+00:00,Air quality,co,104.63176550783912,0.0
1201,2025-03-16 01:00:00+00:00,Air quality,co,60.14417177914111,0.0
1202,2025-03-16 02:00:00+00:00,Air quality,co,63.58098159509202,0.0
1203,2025-03-16 03:00:00+00:00,Air quality,co,75.73710520336287,0.0
1204,2025-03-16 04:00:00+00:00,Air quality,co,149.11935923653712,0.0
1205,2025-03-16 05:00:00+00:00,Air quality,co,147.40095432856165,0.0
1206,2025-03-16 06:00:00+00:00,Air quality,co,205.25391956373556,0.0
1207,2025-03-16 07:00:00+00:00,Air quality,co,122.7704839809134,0.0
1208,2025-03-16 08:00:00+00:00,Air quality,co,186.35146557600544,0.0
1209,2025-03-16 09:00:00+00:00,Air quality,co,154.08364008179962,0.0
1210,2025-03-16 10:00:00+00:00,Air quality,co,89.16612133606003,0.0
1211,2025-03-16 11:00:00+00:00,Air quality,co,104.82269938650312,0.0
1212,2025-03-16 12:00:00+00:00,Air quality,co,211.9366053169734,0.0
1213,2025-03-16 13:00:00+00:00,Air quality,co,124.67982276755284,0.0
1214,2025-03-16 14:00:00+00:00,Air quality,co,238.667348329925,0.0
1215,2025-03-16 15:00:00+00:00,Air quality,co,336.99829584185414,0.0
1216,2025-03-16 16:00:00+00:00,Air quality,co,244.20443081117924,0.0
1217,2025-03-16 17:00:00+00:00,Air quality,co,190.93387866394,0.0
1218,2025-03-16 18:00:00+00:00,Air quality,co,207.54512610770288,0.0
1219,2025-03-16 19:00:00+00:00,Air quality,co,162.48473074301296,0.0
1220,2025-03-16 20:00:00+00:00,Air quality,co,144.7278800272665,0.0
1221,2025-03-16 21:00:00+00:00,Air quality,co,175.27730061349698,0.0
1222,2025-03-16 22:00:00+00:00,Air quality,co,252.03271983640084,0.0
1223,2025-03-16 23:00:00+00:00,Air quality,co,296.1384458077709,0.0
1224,2025-03-17 00:00:00+00:00,Air quality,co,200.48057259713707,0.0
1225,2025-03-17 01:00:00+00:00,Air quality,co,243.2497614178596,0.0
1226,2025-03-17 02:00:00+00:00,Air quality,co,123.72515337423316,0.0
1227,2025-03-17 03:00:00+00:00,Air quality,co,25.90059571441273,0.0
1228,2025-03-17 04:00:00+00:00,Air quality,co,86.04753465121564,0.0
1229,2025-03-17 05:00:00+00:00,Air quality,co,117.80620313565096,0.0
1230,2025-03-17 06:00:00+00:00,Air quality,co,76.75541922290391,0.0
1231,2025-03-17 07:00:00+00:00,Air quality,co,57.08922972051807,0.0
1232,2025-03-17 08:00:00+00:00,Air quality,co,122.7704839809134,0.0
1233,2025-03-17 09:00:00+00:00,Air quality,co,145.87348329925024,0.0
1234,2025-03-17 10:00:00+00:00,Air quality,co,55.94362644853443,0.0
1235,2025-03-17 11:00:00+00:00,Air quality,co,78.28289025221541,0.0
1236,2025-03-17 12:00:00+00:00,Air quality,co,72.93674164962509,0.0
1237,2025-03-17 13:00:00+00:00,Air quality,co,82.48343558282211,0.0
1238,2025-03-17 14:00:00+00:00,Air quality,co,85.53837764144511,0.0
1239,2025-03-17 15:00:00+00:00,Air quality,co,98.71281526925702,0.0
1240,2025-03-17 16:00:00+00:00,Air quality,co,80.1922290388548,0.0
1241,2025-03-17 17:00:00+00:00,Air quality,co,85.92024539877303,0.0
1242,2025-03-17 18:00:00+00:00,Air quality,co,61.28977505112474,0.0
1243,2025-03-17 19:00:00+00:00,Air quality,co,72.36394001363325,0.0
1244,2025-03-17 20:00:00+00:00,Air quality,co,116.85153374233133,0.0
1245,2025-03-17 21:00:00+00:00,Air quality,co,169.5492842535788,0.0
1246,2025-03-17 22:00:00+00:00,Air quality,co,170.69488752556236,0.0
1247,2025-03-17 23:00:00+00:00,Air quality,co,141.67293796864354,0.0
1248,2025-03-18 00:00:00+00:00,Air quality,co,147.40095432856165,0.0
1249,2025-03-18 01:00:00+00:00,Air quality,co,114.36939331970008,0.0
1250,2025-03-18 02:00:00+00:00,Air quality,co,68.16339468302661,0.0
1251,2025-03-18 03:00:00+00:00,Air quality,co,135.37211997273346,0.0
1252,2025-03-18 04:00:00+00:00,Air quality,co,145.1097477845944,0.0
1253,2025-03-18 05:00:00+00:00,Air quality,co,105.7773687798228,0.0
1254,2025-03-18 06:00:00+00:00,Air quality,co,107.11390593047037,0.0
1255,2025-03-18 07:00:00+00:00,Air quality,co,73.96175510350521,0.0
1256,2025-03-18 08:00:00+00:00,Air quality,co,128.88036809815955,0.0
1257,2025-03-18 09:00:00+00:00,Air quality,co,121.43394683026584,0.0
1258,2025-03-18 10:00:00+00:00,Air quality,co,111.31445126107702,0.0
1259,2025-03-18 11:00:00+00:00,Air quality,co,100.04935241990457,0.0
1260,2025-03-18 12:00:00+00:00,Air quality,co,131.74437627811858,0.0
1261,2025-03-18 13:00:00+00:00,Air quality,co,86.49304703476486,0.0
1262,2025-03-18 14:00:00+00:00,Air quality,co,90.31172460804363,0.0
1263,2025-03-18 15:00:00+00:00,Air quality,co,181.95998636673485,0.0
1264,2025-03-18 16:00:00+00:00,Air quality,co,116.6605998636674,0.0
1265,2025-03-18 17:00:00+00:00,Air quality,co,149.31029311520115,0.0
1266,2025-03-18 18:00:00+00:00,Air quality,co,263.6796864349012,0.0
1267,2025-03-18 19:00:00+00:00,Air quality,co,156.9476482617587,0.0
1268,2025-03-18 20:00:00+00:00,Air quality,co,152.55616905248803,0.0
1269,2025-03-18 21:00:00+00:00,Air quality,co,145.68254942058627,0.0
1270,2025-03-18 22:00:00+00:00,Air quality,co,173.74982958418542,0.0
1271,2025-03-18 23:00:00+00:00,Air quality,co,260.81567825494204,0.0
1272,2025-03-19 00:00:00+00:00,Air quality,co,145.3006816632584,0.0
1273,2025-03-19 01:00:00+00:00,Air quality,co,139.7635991820041,0.0
1274,2025-03-19 02:00:00+00:00,Air quality,co,140.5273346966598,0.0
1275,2025-03-19 03:00:00+00:00,Air quality,co,112.65098841172458,0.0
1276,2025-03-19 04:00:00+00:00,Air quality,co,99.09468302658487,0.0
1277,2025-03-19 05:00:00+00:00,Air quality,co,157.32951601908658,0.0
1278,2025-03-19 06:00:00+00:00,Air quality,co,173.36796182685748,0.0
1279,2025-03-19 07:00:00+00:00,Air quality,co,141.54996360611418,0.0
1280,2025-03-19 08:00:00+00:00,Air quality,co,102.14962508520794,0.0
1281,2025-03-19 09:00:00+00:00,Air quality,co,126.01635991820044,0.0
1282,2025-03-19 10:00:00+00:00,Air quality,co,123.72515337423316,0.0
1283,2025-03-19 11:00:00+00:00,Air quality,co,151.79243353783232,0.0
1284,2025-03-19 12:00:00+00:00,Air quality,co,712.7561690524885,0.0
1285,2025-03-19 13:00:00+00:00,Air quality,co,95.84880708929788,0.0
1286,2025-03-19 14:00:00+00:00,Air quality,co,149.692160872529,0.0
1287,2025-03-19 15:00:00+00:00,Air quality,co,131.5534423994547,0.0
1288,2025-03-19 16:00:00+00:00,Air quality,co,112.4600545330607,0.0
1289,2025-03-19 17:00:00+00:00,Air quality,co,233.70306748466257,0.0
1290,2025-03-19 18:00:00+00:00,Air quality,co,115.13312883435582,0.0
1291,2025-03-19 19:00:00+00:00,Air quality,co,117.99713701431494,0.0
1292,2025-03-19 20:00:00+00:00,Air quality,co,89.16612133606,0.0
1293,2025-03-19 21:00:00+00:00,Air quality,co,172.03142467621,0.0
1294,2025-03-19 22:00:00+00:00,Air quality,co,132.4053012427246,0.0
1295,2025-03-19 23:00:00+00:00,Air quality,co,127.73476482617588,0.0
1296,2025-03-20 00:00:00+00:00,Air quality,co,140.33640081799592,0.0
1297,2025-03-20 01:00:00+00:00,Air quality,co,100.24028629856852,0.0
1298,2025-03-20 02:00:00+00:00,Air quality,co,42.43939393939393,0.0
1299,2025-03-20 03:00:00+00:00,Air quality,co,67.97246080436265,0.0
1300,2025-03-20 04:00:00+00:00,Air quality,co,104.82269938650307,0.0
1301,2025-03-20 05:00:00+00:00,Air quality,co,132.50811179277443,0.0
1302,2025-03-20 06:00:00+00:00,Air quality,co,72.55487389229721,0.0
1303,2025-03-20 07:00:00+00:00,Air quality,co,110.55071574642128,0.0
1304,2025-03-20 08:00:00+00:00,Air quality,co,112.84192229038857,0.0
1305,2025-03-20 09:00:00+00:00,Air quality,co,97.18534423994548,0.0
1306,2025-03-20 10:00:00+00:00,Air quality,co,101.57682344921612,0.0
1307,2025-03-20 11:00:00+00:00,Air quality,co,97.18534423994548,0.0
1308,2025-03-20 12:00:00+00:00,Air quality,co,72.36394001363325,0.0
1309,2025-03-20 13:00:00+00:00,Air quality,co,70.45460122699387,0.0
1310,2025-03-20 14:00:00+00:00,Air quality,co,122.71546913451878,0.0
1311,2025-03-20 15:00:00+00:00,Air quality,co,114.560327198364,0.0
1312,2025-03-20 16:00:00+00:00,Air quality,co,181.0053169734151,0.0
1313,2025-03-20 17:00:00+00:00,Air quality,co,180.4325153374233,0.0
1314,2025-03-20 18:00:00+00:00,Air quality,co,118.56993865030682,0.0
1315,2025-03-20 19:00:00+00:00,Air quality,co,86.68398091342878,0.0
1316,2025-03-20 20:00:00+00:00,Air quality,co,104.63176550783916,0.0
1317,2025-03-20 21:00:00+00:00,Air quality,co,65.07026584867076,0.0
1318,2025-03-20 22:00:00+00:00,Air quality,co,137.28145875937287,0.0
1319,2025-03-20 23:00:00+00:00,Air quality,co,125.82542603953648,0.0
1320,2025-03-21 00:00:00+00:00,Air quality,co,148.7201338538762,0.0
1321,2025-03-21 01:00:00+00:00,Air quality,co,147.78282208588956,0.0
1322,2025-03-21 02:00:00+00:00,Air quality,co,136.28728580495027,0.0
1323,2025-03-21 03:00:00+00:00,Air quality,co,169.1674164962509,0.0
1324,2025-03-21 04:00:00+00:00,Air quality,co,167.2580777096114,0.0
1325,2025-03-21 05:00:00+00:00,Air quality,co,170.69488752556236,0.0
1326,2025-03-21 06:00:00+00:00,Air quality,co,101.19495569188824,0.0
1327,2025-03-21 07:00:00+00:00,Air quality,co,156.37484662576688,0.0
1328,2025-03-21 08:00:00+00:00,Air quality,co,137.66332651670078,0.0
1329,2025-03-21 09:00:00+00:00,Air quality,co,160.57539195637358,0.0
1330,2025-03-21 10:00:00+00:00,Air quality,co,132.31717791411043,0.0
1331,2025-03-21 11:00:00+00:00,Air quality,co,126.01635991820044,0.0
1332,2025-03-21 12:00:00+00:00,Air quality,co,128.1166325835038,0.0
1333,2025-03-21 13:00:00+00:00,Air quality,co,214.2278118609407,0.0
1334,2025-03-21 14:00:00+00:00,Air quality,co,185.39679618268573,0.0
1335,2025-03-21 15:00:00+00:00,Air quality,co,148.16468984321747,0.0
1336,2025-03-21 16:00:00+00:00,Air quality,co,71.40927062031358,0.0
1337,2025-03-21 17:00:00+00:00,Air quality,co,131.5534423994547,0.0
1338,2025-03-21 18:00:00+00:00,Air quality,co,165.15780504430813,0.0
1339,2025-03-21 19:00:00+00:00,Air quality,co,65.68125426039535,0.0
1340,2025-03-21 20:00:00+00:00,Air quality,co,122.7704839809134,0.0
1341,2025-03-21 21:00:00+00:00,Air quality,co,189.2154737559646,0.0
1342,2025-03-21 22:00:00+00:00,Air quality,co,206.3995228357192,0.0
1343,2025-03-21 23:00:00+00:00,Air quality,co,173.55889570552148,0.0
